Workbook

Sheet emp_pivot
K2: Count of EmployeeID | L2: Column Labels | P2: Count of EmployeeID | Q2: Column Labels | U2: Count of EmployeeID | V2: Column Labels | Z2: Count of EmployeeID | AA2: Column Labels | AE2: Count of EmployeeID | AF2: Column Labels | AJ2: Count of EmployeeID | AK2: Column Labels
A3: Count of EmployeeID | B3: Column Labels | K3: Row Labels | L3: No | M3: Yes | N3: Grand Total | P3: Row Labels | Q3: No | R3: Yes | S3: Grand Total | U3: Row Labels | V3: No | W3: Yes | X3: Grand Total | Z3: Row Labels | AA3: No | AB3: Yes | AC3: Grand Total | AE3: Row Labels | AF3: No | AG3: Yes | AH3: Grand Total | AJ3: Row Labels | AK3: No | AL3: Yes | AM3: Grand Total | AO3: Count of EmployeeID | AP3: Column Labels
A4: Row Labels | B4: No | C4: Yes | D4: Grand Total | F4: Count of EmployeeID | G4: Column Labels | K4: 1 | L4: 493 | M4: 73 | N4: 566 | P4: Divorced | Q4: 457 | R4: 48 | S4: 505 | U4: 1 | V4: 80 | W4: 10 | X4: 90 | Z4: 0 | AA4: 431 | AB4: 65 | AC4: 496 | AE4: 1 | AF4: 693 | AG4: 93 | AH4: 786 | AJ4: 0 | AK4: 392 | AL4: 44 | AM4: 436 | AO4: Row Labels | AP4: No | AQ4: Yes | AR4: Grand Total
A5: Developer | B5: 118 | C5: 11 | D5: 129 | F5: Row Labels | G5: No | H5: Yes | I5: Grand Total | K5: 2 | L5: 1006 | M5: 152 | N5: 1158 | P5: Married | Q5: 1324 | R5: 191 | S5: 1515 | U5: 2 | V5: 87 | W5: 11 | X5: 98 | Z5: 1 | AA5: 190 | AB5: 32 | AC5: 222 | AE5: 2 | AF5: 636 | AG5: 98 | AH5: 734 | AJ5: 1 | AK5: 372 | AL5: 59 | AM5: 431 | AO5: 18-25 | AP5: 296 | AQ5: 56 | AR5: 352
A6: Finance Analyst | B6: 145 | C6: 25 | D6: 170 | F6: No | G6: 1957 | H6: 225 | I6: 2182 | K6: 3 | L6: 716 | M6: 87 | N6: 803 | P6: Single | Q6: 843 | R6: 137 | S6: 980 | U6: 3 | V6: 89 | W6: 8 | X6: 97 | Z6: 2 | AA6: 207 | AB6: 36 | AC6: 243 | AE6: 3 | AF6: 662 | AG6: 84 | AH6: 746 | AJ6: 2 | AK6: 397 | AL6: 49 | AM6: 446 | AO6: 26-35 | AP6: 666 | AQ6: 102 | AR6: 768
A7: Finance Manager | B7: 133 | C7: 24 | D7: 157 | F7: Yes | G7: 667 | H7: 151 | I7: 818 | K7: 4 | L7: 332 | M7: 50 | N7: 382 | P7: Grand Total | Q7: 2624 | R7: 376 | S7: 3000 | U7: 4 | V7: 97 | W7: 8 | X7: 105 | Z7: 3 | AA7: 251 | AB7: 22 | AC7: 273 | AE7: 4 | AF7: 633 | AG7: 101 | AH7: 734 | AJ7: 3 | AK7: 367 | AL7: 61 | AM7: 428 | AO7: 36-45 | AP7: 655 | AQ7: 96 | AR7: 751
A8: Human Resources | B8: 101 | C8: 12 | D8: 113 | F8: Grand Total | G8: 2624 | H8: 376 | I8: 3000 | K8: 5 | L8: 77 | M8: 14 | N8: 91 | U8: 5 | V8: 94 | W8: 18 | X8: 112 | Z8: 4 | AA8: 264 | AB8: 40 | AC8: 304 | AE8: Grand Total | AF8: 2624 | AG8: 376 | AH8: 3000 | AJ8: 4 | AK8: 340 | AL8: 60 | AM8: 400 | AO8: 46-55 | AP8: 687 | AQ8: 89 | AR8: 776
A9: IT Manager | B9: 91 | C9: 16 | D9: 107 | K9: Grand Total | L9: 2624 | M9: 376 | N9: 3000 | P9: Count of EmployeeID | Q9: Column Labels | U9: 6 | V9: 95 | W9: 9 | X9: 104 | Z9: 5 | AA9: 283 | AB9: 40 | AC9: 323 | AJ9: 5 | AK9: 389 | AL9: 44 | AM9: 433 | AO9: 56-65 | AP9: 320 | AQ9: 33 | AR9: 353
A10: IT Support | B10: 112 | C10: 17 | D10: 129 | P10: Row Labels | Q10: No | R10: Yes | S10: Grand Total | U10: 7 | V10: 79 | W10: 12 | X10: 91 | Z10: 6 | AA10: 249 | AB10: 37 | AC10: 286 | AE10: Count of EmployeeID | AF10: Column Labels | AJ10: 6 | AK10: 367 | AL10: 59 | AM10: 426 | AO10: Grand Total | AP10: 2624 | AQ10: 376 | AR10: 3000
A11: Laboratory Technician | B11: 262 | C11: 34 | D11: 296 | F11: Count of EmployeeID | G11: Column Labels | K11: Count of EmployeeID | L11: Column Labels | P11: Bachelor's | Q11: 1251 | R11: 180 | S11: 1431 | U11: 8 | V11: 96 | W11: 14 | X11: 110 | Z11: 7 | AA11: 200 | AB11: 25 | AC11: 225 | AE11: Row Labels | AF11: No | AG11: Yes | AH11: Grand Total | AJ11: Grand Total | AK11: 2624 | AL11: 376 | AM11: 3000
A12: Logistics Specialist | B12: 134 | C12: 22 | D12: 156 | F12: Row Labels | G12: No | H12: Yes | I12: Grand Total | K12: Row Labels | L12: No | M12: Yes | N12: Grand Total | P12: Doctorate | Q12: 214 | R12: 25 | S12: 239 | U12: 9 | V12: 81 | W12: 16 | X12: 97 | Z12: 8 | AA12: 158 | AB12: 23 | AC12: 181 | AE12: 0 | AF12: 105 | AG12: 18 | AH12: 123
A13: Manager | B13: 321 | C13: 38 | D13: 359 | F13: 1 | G13: 628 | H13: 112 | I13: 740 | K13: Female | L13: 1091 | M13: 172 | N13: 1263 | P13: High School | Q13: 258 | R13: 37 | S13: 295 | U13: 10 | V13: 87 | W13: 9 | X13: 96 | Z13: 9 | AA13: 129 | AB13: 17 | AC13: 146 | AE13: 1 | AF13: 43 | AG13: 8 | AH13: 51 | AJ13: Count of EmployeeID | AK13: Column Labels
A14: Operations Coordinator | B14: 148 | C14: 19 | D14: 167 | F14: 2 | G14: 710 | H14: 90 | I14: 800 | K14: Male | L14: 1533 | M14: 204 | N14: 1737 | P14: Master's | Q14: 901 | R14: 134 | S14: 1035 | U14: 11 | V14: 83 | W14: 6 | X14: 89 | Z14: 10 | AA14: 97 | AB14: 19 | AC14: 116 | AE14: 2 | AF14: 49 | AG14: 14 | AH14: 63 | AJ14: Row Labels | AK14: No | AL14: Yes | AM14: Grand Total
A15: Operations Manager | B15: 146 | C15: 23 | D15: 169 | F15: 3 | G15: 687 | H15: 90 | I15: 777 | K15: Grand Total | L15: 2624 | M15: 376 | N15: 3000 | P15: Grand Total | Q15: 2624 | R15: 376 | S15: 3000 | U15: 12 | V15: 85 | W15: 11 | X15: 96 | Z15: 11 | AA15: 65 | AB15: 8 | AC15: 73 | AE15: 3 | AF15: 64 | AG15: 4 | AH15: 68 | AJ15: 1 | AK15: 644 | AL15: 101 | AM15: 745
A16: Research Director | B16: 247 | C16: 31 | D16: 278 | F16: 4 | G16: 599 | H16: 84 | I16: 683 | U16: 13 | V16: 105 | W16: 10 | X16: 115 | Z16: 12 | AA16: 40 | AB16: 7 | AC16: 47 | AE16: 4 | AF16: 72 | AG16: 18 | AH16: 90 | AJ16: 2 | AK16: 649 | AL16: 96 | AM16: 745
A17: Research Scientist | B17: 277 | C17: 43 | D17: 320 | F17: Grand Total | G17: 2624 | H17: 376 | I17: 3000 | K17: Count of EmployeeID | L17: Column Labels | P17: Count of EmployeeID | Q17: Column Labels | U17: 14 | V17: 96 | W17: 8 | X17: 104 | Z17: 13 | AA17: 27 | AB17: 3 | AC17: 30 | AE17: 5 | AF17: 76 | AG17: 8 | AH17: 84 | AJ17: 3 | AK17: 648 | AL17: 88 | AM17: 736
A18: Sales Executive | B18: 204 | C18: 34 | D18: 238 | K18: Row Labels | L18: No | M18: Yes | N18: Grand Total | P18: Row Labels | Q18: No | R18: Yes | S18: Grand Total | U18: 15 | V18: 85 | W18: 6 | X18: 91 | Z18: 14 | AA18: 21 | AB18: 2 | AC18: 23 | AE18: 6 | AF18: 89 | AG18: 15 | AH18: 104 | AJ18: 4 | AK18: 683 | AL18: 91 | AM18: 774
A19: Sales Representative | B19: 185 | C19: 27 | D19: 212 | F19: Count of EmployeeID | G19: Column Labels | K19: 21 | L19: 56 | M19: 11 | N19: 67 | P19: Human Resources | Q19: 406 | R19: 62 | S19: 468 | U19: 16 | V19: 99 | W19: 15 | X19: 114 | Z19: 15 | AA19: 7 | AC19: 7 | AE19: 7 | AF19: 87 | AG19: 18 | AH19: 105 | AJ19: Grand Total | AK19: 2624 | AL19: 376 | AM19: 3000
A20: Grand Total | B20: 2624 | C20: 376 | D20: 3000 | F20: Row Labels | G20: No | H20: Yes | I20: Grand Total | K20: 22 | L20: 58 | M20: 15 | N20: 73 | P20: Life Sciences | Q20: 455 | R20: 57 | S20: 512 | U20: 17 | V20: 74 | W20: 12 | X20: 86 | Z20: 16 | AA20: 3 | AC20: 3 | AE20: 8 | AF20: 92 | AG20: 16 | AH20: 108
F21: 1 | G21: 599 | H21: 105 | I21: 704 | K21: 23 | L21: 65 | M21: 10 | N21: 75 | P21: Marketing | Q21: 418 | R21: 65 | S21: 483 | U21: 18 | V21: 94 | W21: 9 | X21: 103 | Z21: 17 | AA21: 2 | AC21: 2 | AE21: 9 | AF21: 87 | AG21: 10 | AH21: 97 | AJ21: Count of EmployeeID | AK21: Column Labels
F22: 2 | G22: 693 | H22: 93 | I22: 786 | K22: 24 | L22: 48 | M22: 8 | N22: 56 | P22: Medical | Q22: 457 | R22: 61 | S22: 518 | U22: 19 | V22: 89 | W22: 18 | X22: 107 | Z22: Grand Total | AA22: 2624 | AB22: 376 | AC22: 3000 | AE22: 10 | AF22: 90 | AG22: 14 | AH22: 104 | AJ22: Row Labels | AK22: No | AL22: Yes | AM22: Grand Total
F23: 3 | G23: 643 | H23: 91 | I23: 734 | K23: 25 | L23: 69 | M23: 12 | N23: 81 | P23: Other | Q23: 424 | R23: 57 | S23: 481 | U23: 20 | V23: 85 | W23: 15 | X23: 100 | AE23: 11 | AF23: 110 | AG23: 15 | AH23: 125 | AJ23: 3 | AK23: 2056 | AL23: 290 | AM23: 2346
F24: 4 | G24: 689 | H24: 87 | I24: 776 | K24: 26 | L24: 64 | M24: 10 | N24: 74 | P24: Technical Degree | Q24: 449 | R24: 74 | S24: 523 | U24: 21 | V24: 97 | W24: 18 | X24: 115 | Z24: Count of EmployeeID | AA24: Column Labels | AE24: 12 | AF24: 94 | AG24: 11 | AH24: 105 | AJ24: 4 | AK24: 568 | AL24: 86 | AM24: 654
F25: Grand Total | G25: 2624 | H25: 376 | I25: 3000 | K25: 27 | L25: 64 | M25: 12 | N25: 76 | P25: Unknown | Q25: 15 | S25: 15 | U25: 22 | V25: 82 | W25: 6 | X25: 88 | Z25: Row Labels | AA25: No | AB25: Yes | AC25: Grand Total | AE25: 13 | AF25: 110 | AG25: 23 | AH25: 133 | AJ25: Grand Total | AK25: 2624 | AL25: 376 | AM25: 3000
K26: 28 | L26: 58 | M26: 10 | N26: 68 | P26: Grand Total | Q26: 2624 | R26: 376 | S26: 3000 | U26: 23 | V26: 70 | W26: 14 | X26: 84 | Z26: 0 | AA26: 911 | AB26: 132 | AC26: 1043 | AE26: 14 | AF26: 105 | AG26: 18 | AH26: 123
F27: Count of EmployeeID | G27: Column Labels | K27: 29 | L27: 66 | M27: 9 | N27: 75 | U27: 24 | V27: 95 | W27: 11 | X27: 106 | Z27: 1 | AA27: 428 | AB27: 69 | AC27: 497 | AE27: 15 | AF27: 90 | AG27: 16 | AH27: 106
F28: Row Labels | G28: No | H28: Yes | I28: Grand Total | K28: 30 | L28: 69 | M28: 14 | N28: 83 | P28: Count of EmployeeID | Q28: Column Labels | U28: 25 | V28: 86 | W28: 11 | X28: 97 | Z28: 2 | AA28: 395 | AB28: 77 | AC28: 472 | AE28: 16 | AF28: 107 | AG28: 17 | AH28: 124 | AJ28: Count of EmployeeID | AK28: Column Labels
F29: Non-Travel | G29: 310 | H29: 39 | I29: 349 | K29: 31 | L29: 59 | M29: 9 | N29: 68 | P29: Row Labels | Q29: No | R29: Yes | S29: Grand Total | U29: 26 | V29: 88 | W29: 21 | X29: 109 | Z29: 3 | AA29: 355 | AB29: 44 | AC29: 399 | AE29: 17 | AF29: 96 | AG29: 14 | AH29: 110 | AJ29: Row Labels | AK29: No | AL29: Yes | AM29: Grand Total
F30: Travel_Frequently | G30: 389 | H30: 76 | I30: 465 | K30: 32 | L30: 72 | M30: 12 | N30: 84 | P30: 1 | Q30: 644 | R30: 101 | S30: 745 | U30: 27 | V30: 85 | W30: 11 | X30: 96 | Z30: 4 | AA30: 272 | AB30: 32 | AC30: 304 | AE30: 18 | AF30: 108 | AG30: 12 | AH30: 120 | AJ30: Non-Travel | AK30: 310 | AL30: 39 | AM30: 349
F31: Travel_Rarely | G31: 1925 | H31: 261 | I31: 2186 | K31: 33 | L31: 70 | M31: 8 | N31: 78 | P31: 2 | Q31: 649 | R31: 96 | S31: 745 | U31: 28 | V31: 81 | W31: 22 | X31: 103 | Z31: 5 | AA31: 154 | AB31: 11 | AC31: 165 | AE31: 19 | AF31: 104 | AG31: 15 | AH31: 119 | AJ31: Travel_Frequently | AK31: 389 | AL31: 76 | AM31: 465
F32: Grand Total | G32: 2624 | H32: 376 | I32: 3000 | K32: 34 | L32: 73 | M32: 16 | N32: 89 | P32: 3 | Q32: 648 | R32: 88 | S32: 736 | U32: 29 | V32: 80 | W32: 19 | X32: 99 | Z32: 6 | AA32: 70 | AB32: 8 | AC32: 78 | AE32: 20 | AF32: 115 | AG32: 14 | AH32: 129 | AJ32: Travel_Rarely | AK32: 1925 | AL32: 261 | AM32: 2186
K33: 35 | L33: 71 | M33: 2 | N33: 73 | P33: 4 | Q33: 683 | R33: 91 | S33: 774 | U33: 30 | V33: 80 | W33: 18 | X33: 98 | Z33: 7 | AA33: 30 | AB33: 2 | AC33: 32 | AE33: 21 | AF33: 88 | AG33: 8 | AH33: 96 | AJ33: Grand Total | AK33: 2624 | AL33: 376 | AM33: 3000
K34: 36 | L34: 53 | M34: 8 | N34: 61 | P34: Grand Total | Q34: 2624 | R34: 376 | S34: 3000 | U34: Grand Total | V34: 2624 | W34: 376 | X34: 3000 | Z34: 8 | AA34: 8 | AB34: 1 | AC34: 9 | AE34: 22 | AF34: 96 | AG34: 11 | AH34: 107
K35: 37 | L35: 68 | M35: 12 | N35: 80 | Z35: 9 | AA35: 1 | AC35: 1 | AE35: 23 | AF35: 86 | AG35: 12 | AH35: 98 | AJ35: Count of EmployeeID | AK35: Column Labels
K36: 38 | L36: 71 | M36: 13 | N36: 84 | P36: Count of EmployeeID | Q36: Column Labels | U36: Count of EmployeeID | V36: Column Labels | Z36: Grand Total | AA36: 2624 | AB36: 376 | AC36: 3000 | AE36: 24 | AF36: 85 | AG36: 9 | AH36: 94 | AJ36: Row Labels | AK36: No | AL36: Yes | AM36: Grand Total
K37: 39 | L37: 67 | M37: 11 | N37: 78 | P37: Row Labels | Q37: No | R37: Yes | S37: Grand Total | U37: Row Labels | V37: No | W37: Yes | X37: Grand Total | AE37: 25 | AF37: 83 | AG37: 6 | AH37: 89 | AJ37: Female | AK37: 1091 | AL37: 172 | AM37: 1263
K38: 40 | L38: 54 | M38: 5 | N38: 59 | P38: 3 | Q38: 2056 | R38: 290 | S38: 2346 | U38: 0 | V38: 431 | W38: 65 | X38: 496 | Z38: Count of EmployeeID | AA38: Column Labels | AE38: 26 | AF38: 50 | AG38: 5 | AH38: 55 | AJ38: Male | AK38: 1533 | AL38: 204 | AM38: 1737
K39: 41 | L39: 72 | M39: 8 | N39: 80 | P39: 4 | Q39: 568 | R39: 86 | S39: 654 | U39: 1 | V39: 190 | W39: 32 | X39: 222 | Z39: Row Labels | AA39: No | AB39: Yes | AC39: Grand Total | AE39: 27 | AF39: 59 | AG39: 8 | AH39: 67 | AJ39: Grand Total | AK39: 2624 | AL39: 376 | AM39: 3000
K40: 42 | L40: 59 | M40: 10 | N40: 69 | P40: Grand Total | Q40: 2624 | R40: 376 | S40: 3000 | U40: 2 | V40: 207 | W40: 36 | X40: 243 | Z40: 0 | AA40: 1049 | AB40: 144 | AC40: 1193 | AE40: 28 | AF40: 46 | AG40: 8 | AH40: 54
K41: 43 | L41: 67 | M41: 11 | N41: 78 | U41: 3 | V41: 251 | W41: 22 | X41: 273 | Z41: 1 | AA41: 489 | AB41: 71 | AC41: 560 | AE41: 29 | AF41: 33 | AG41: 3 | AH41: 36
K42: 44 | L42: 71 | M42: 7 | N42: 78 | U42: 4 | V42: 264 | W42: 40 | X42: 304 | Z42: 2 | AA42: 421 | AB42: 67 | AC42: 488 | AE42: 30 | AF42: 38 | AG42: 3 | AH42: 41
K43: 45 | L43: 73 | M43: 11 | N43: 84 | Q43: Column Labels | U43: 5 | V43: 283 | W43: 40 | X43: 323 | Z43: 3 | AA43: 314 | AB43: 42 | AC43: 356 | AE43: 31 | AF43: 18 | AG43: 3 | AH43: 21
K44: 46 | L44: 79 | M44: 9 | N44: 88 | Q44: No | R44: Yes | S44: Grand Total | U44: 6 | V44: 249 | W44: 37 | X44: 286 | Z44: 4 | AA44: 207 | AB44: 33 | AC44: 240 | AE44: 32 | AF44: 18 | AH44: 18
K45: 47 | L45: 73 | M45: 12 | N45: 85 | P45: Count of EmployeeID | Q45: 2624 | R45: 376 | S45: 3000 | U45: 7 | V45: 200 | W45: 25 | X45: 225 | Z45: 5 | AA45: 95 | AB45: 12 | AC45: 107 | AE45: 33 | AF45: 16 | AG45: 1 | AH45: 17
K46: 48 | L46: 69 | M46: 10 | N46: 79 | U46: 8 | V46: 158 | W46: 23 | X46: 181 | Z46: 6 | AA46: 41 | AB46: 3 | AC46: 44 | AE46: 34 | AF46: 7 | AG46: 1 | AH46: 8
K47: 49 | L47: 58 | M47: 6 | N47: 64 | P47: Count of EmployeeID | Q47: Column Labels | U47: 9 | V47: 129 | W47: 17 | X47: 146 | Z47: 7 | AA47: 6 | AB47: 3 | AC47: 9 | AE47: 35 | AF47: 3 | AH47: 3
K48: 50 | L48: 68 | M48: 12 | N48: 80 | P48: Row Labels | Q48: No | R48: Yes | S48: Grand Total | U48: 10 | V48: 97 | W48: 19 | X48: 116 | Z48: 8 | AA48: 2 | AB48: 1 | AC48: 3 | AE48: 36 | AF48: 1 | AH48: 1
K49: 51 | L49: 77 | M49: 11 | N49: 88 | P49: High | Q49: 139 | R49: 24 | S49: 163 | U49: 11 | V49: 65 | W49: 8 | X49: 73 | Z49: Grand Total | AA49: 2624 | AB49: 376 | AC49: 3000 | AE49: 37 | AF49: 3 | AH49: 3
K50: 52 | L50: 61 | M50: 6 | N50: 67 | P50: Lower | Q50: 5 | R50: 2 | S50: 7 | U50: 12 | V50: 40 | W50: 7 | X50: 47 | AE50: 38 | AF50: 1 | AH50: 1
K51: 53 | L51: 61 | M51: 6 | N51: 67 | P51: Lower Mid | Q51: 141 | R51: 21 | S51: 162 | U51: 13 | V51: 27 | W51: 3 | X51: 30 | Z51: Count of EmployeeID | AA51: Column Labels | AE51: Grand Total | AF51: 2624 | AG51: 376 | AH51: 3000
K52: 54 | L52: 67 | M52: 8 | N52: 75 | P52: Mid | Q52: 1063 | R52: 168 | S52: 1231 | U52: 14 | V52: 21 | W52: 2 | X52: 23 | Z52: Row Labels | AA52: No | AB52: Yes | AC52: Grand Total
K53: 55 | L53: 74 | M53: 9 | N53: 83 | P53: Upper Mid | Q53: 1276 | R53: 161 | S53: 1437 | U53: 15 | V53: 7 | X53: 7 | Z53: 0 | AA53: 868 | AB53: 126 | AC53: 994
K54: 56 | L54: 65 | M54: 8 | N54: 73 | P54: Grand Total | Q54: 2624 | R54: 376 | S54: 3000 | U54: 16 | V54: 3 | X54: 3 | Z54: 1 | AA54: 358 | AB54: 61 | AC54: 419
K55: 57 | L55: 66 | M55: 8 | N55: 74 | U55: 17 | V55: 2 | X55: 2 | Z55: 2 | AA55: 376 | AB55: 57 | AC55: 433
K56: 58 | L56: 51 | M56: 4 | N56: 55 | U56: Grand Total | V56: 2624 | W56: 376 | X56: 3000 | Z56: 3 | AA56: 346 | AB56: 47 | AC56: 393
K57: 59 | L57: 65 | M57: 5 | N57: 70 | Z57: 4 | AA57: 262 | AB57: 40 | AC57: 302
K58: 60 | L58: 73 | M58: 8 | N58: 81 | Z58: 5 | AA58: 209 | AB58: 19 | AC58: 228
K59: Grand Total | L59: 2624 | M59: 376 | N59: 3000 | Z59: 6 | AA59: 114 | AB59: 16 | AC59: 130
Z60: 7 | AA60: 51 | AB60: 5 | AC60: 56
Z61: 8 | AA61: 26 | AB61: 3 | AC61: 29
Z62: 9 | AA62: 12 | AB62: 1 | AC62: 13
Z63: 10 | AA63: 2 | AB63: 1 | AC63: 3
Z64: Grand Total | AA64: 2624 | AB64: 376 | AC64: 3000

Sheet Employees
A1: EmployeeID | B1: Age | C1: Gender | D1: Department | E1: JobRole | F1: Education | G1: EducationField | H1: JobLevel | I1: MonthlyIncome | J1: HourlyRate | K1: OverTime | L1: JobSatisfaction | M1: EnvironmentSatisfaction | N1: WorkLifeBalance | O1: YearsAtCompany | P1: YearsInCurrentRole | Q1: YearsSinceLastPromotion | R1: YearsWithCurrentManager | S1: TotalWorkingYears | T1: TrainingTimesLastYear | U1: PerformanceRating | V1: BusinessTravel | W1: DistanceFromHome | X1: MaritalStatus | Y1: JobInvolvement | Z1: Attrition | AA1: HireDate | AB1: ExitDate | AC1: City | AD1: State | AE1: Missing Check | AF1: city clean | AG1: Monthly Income Clean | AH1: AGE GROUP CLEAN
A2: EMP10001 | B2: 38 | C2: Male | D2: IT | E2: Developer | F2: Master's | G2: Other | H2: 3 | I2: 10576 | J2: 36 | K2: No | L2: 4 | M2: 4 | N2: 2 | O2: 10 | P2: 5 | Q2: 7 | R2: 0 | S2: 16 | T2: 0 | U2: 3 | V2: Travel_Rarely | W2: 2 | X2: Married | Y2: 3 | Z2: No | AA2: 42158 | AC2: Ahmedabad | AD2: Gujarat | AE2: =COUNTBLANK(A2:AE2) -> 0 | AF2: =PROPER(UPPER(TRIM(Table1[[#This Row],[City]]))) -> Ahmedabad | AG2: =IF(ISBLANK(I2),AVERAGE($I$2:$I$3001),I2) -> 10576 | AH2: =_xlfn.IFS(Table1[[#This Row],[Age]]<=25,"18-25",Table1[[#This Row],[Age]]<=35,"26-35",Table1[[#This Row],[Age]]<=45,"36-45",Table1[[#This Row],[Age]]<=55,"46-55",Table1[[#This Row],[Age]]<=65,"56-65") -> 36-45
A3: EMP10002 | B3: 21 | C3: Male | D3: Research & Development | E3: Research Director | F3: Bachelor's | G3: Technical Degree | H3: 2 | I3: 6848 | J3: 75 | K3: Yes | L3: 4 | M3: 1 | N3: 2 | O3: 4 | P3: 4 | Q3: 2 | R3: 2 | S3: 7 | T3: 3 | U3: 3 | V3: Travel_Rarely | W3: 21 | X3: Single | Y3: 4 | Z3: Yes | AA3: 45381 | AB3: 45610 | AC3: Bengaluru | AD3: Karnataka | AE3: =COUNTBLANK(A3:AE3) -> 0 | AF3: =PROPER(UPPER(TRIM(Table1[[#This Row],[City]]))) -> Bengaluru | AG3: =IF(ISBLANK(I3),AVERAGE($I$2:$I$3001),I3) -> 6848 | AH3: =_xlfn.IFS(Table1[[#This Row],[Age]]<=25,"18-25",Table1[[#This Row],[Age]]<=35,"26-35",Table1[[#This Row],[Age]]<=45,"36-45",Table1[[#This Row],[Age]]<=55,"46-55",Table1[[#This Row],[Age]]<=65,"56-65") -> 18-25
A4: EMP10003 | B4: 47 | C4: Male | D4: Operations | E4: Operations Coordinator | F4: Bachelor's | G4: Technical Degree | H4: 2 | I4: 7725 | J4: 56 | K4: No | L4: 1 | M4: 2 | N4: 1 | O4: 0 | P4: 0 | Q4: 0 | R4: 0 | S4: 16 | T4: 0 | U4: 3 | V4: Travel_Rarely | W4: 28 | X4: Single | Y4: 4 | Z4: No | AA4: 43439 | AC4: Chennai | AD4: Tamil Nadu | AE4: =COUNTBLANK(A4:AE4) -> 0 | AF4: =PROPER(UPPER(TRIM(Table1[[#This Row],[City]]))) -> Chennai | AG4: =IF(ISBLANK(I4),AVERAGE($I$2:$I$3001),I4) -> 7725 | AH4: =_xlfn.IFS(Table1[[#This Row],[Age]]<=25,"18-25",Table1[[#This Row],[Age]]<=35,"26-35",Table1[[#This Row],[Age]]<=45,"36-45",Table1[[#This Row],[Age]]<=55,"46-55",Table1[[#This Row],[Age]]<=65,"56-65") -> 46-55
A5: EMP10004 | B5: 39 | C5: Male | D5: Finance | E5: Finance Manager | F5: High School | G5: Marketing | H5: 2 | I5: 9420 | J5: 34 | K5: No | L5: 3 | M5: 3 | N5: 1 | O5: 8 | P5: 2 | Q5: 2 | R5: 4 | S5: 13 | T5: 5 | U5: 4 | V5: Non-Travel | W5: 7 | X5: Divorced | Y5: 3 | Z5: No | AA5: 45569 | AC5: Chennai | AD5: Tamil Nadu | AE5: =COUNTBLANK(A5:AE5) -> 0 | AF5: =PROPER(UPPER(TRIM(Table1[[#This Row],[City]]))) -> Chennai | AG5: =IF(ISBLANK(I5),AVERAGE($I$2:$I$3001),I5) -> 9420 | AH5: =_xlfn.IFS(Table1[[#This Row],[Age]]<=25,"18-25",Table1[[#This Row],[Age]]<=35,"26-35",Table1[[#This Row],[Age]]<=45,"36-45",Table1[[#This Row],[Age]]<=55,"46-55",Table1[[#This Row],[Age]]<=65,"56-65") -> 36-45
A6: EMP10005 | B6: 51 | C6: Male | D6: Sales | E6: Sales Representative | F6: High School | G6: Other | H6: 1 | I6: 7293 | J6: 75 | K6: Yes | L6: 2 | M6: 3 | N6: 3 | O6: 1 | P6: 0 | Q6: 1 | R6: 1 | S6: 33 | T6: 4 | U6: 4 | V6: Travel_Frequently | W6: 24 | X6: Single | Y6: 4 | Z6: Yes | AA6: 42989 | AB6: 45141 | AC6: Pune | AD6: Maharashtra | AE6: =COUNTBLANK(A6:AE6) -> 0 | AF6: =PROPER(UPPER(TRIM(Table1[[#This Row],[City]]))) -> Pune | AG6: =IF(ISBLANK(I6),AVERAGE($I$2:$I$3001),I6) -> 7293 | AH6: =_xlfn.IFS(Table1[[#This Row],[Age]]<=25,"18-25",Table1[[#This Row],[Age]]<=35,"26-35",Table1[[#This Row],[Age]]<=45,"36-45",Table1[[#This Row],[Age]]<=55,"46-55",Table1[[#This Row],[Age]]<=65,"56-65") -> 46-55
A7: EMP10006 | B7: 45 | C7: Male | D7: Operations | E7: Operations Manager | F7: Master's | G7: Life Sciences | H7: 3 | I7: 10255 | J7: 29 | K7: No | L7: 2 | M7: 3 | N7: 4 | O7: 10 | P7: 2 | Q7: 4 | R7: 3 | S7: 21 | T7: 3 | U7: 3 | V7: Travel_Rarely | W7: 7 | X7: Married | Y7: 4 | Z7: No | AA7: 43622 | AC7: Bengaluru | AD7: Karnataka | AE7: =COUNTBLANK(A7:AE7) -> 0 | AF7: =PROPER(UPPER(TRIM(Table1[[#This Row],[City]]))) -> Bengaluru | AG7: =IF(ISBLANK(I7),AVERAGE($I$2:$I$3001),I7) -> 10255 | AH7: =_xlfn.IFS(Table1[[#This Row],[Age]]<=25,"18-25",Table1[[#This Row],[Age]]<=35,"26-35",Table1[[#This Row],[Age]]<=45,"36-45",Table1[[#This Row],[Age]]<=55,"46-55",Table1[[#This Row],[Age]]<=65,"56-65") -> 36-45
A8: EMP10007 | B8: 52 | C8: Female | D8: IT | E8: IT Support | F8: Bachelor's | G8: Medical | H8: 1 | I8: 6591 | J8: 113 | K8: Yes | L8: 2 | M8: 3 | N8: 3 | O8: 9 | P8: 7 | Q8: 0 | R8: 1 | S8: 24 | T8: 2 | U8: 4 | V8: Travel_Frequently | W8: 28 | X8: Married | Y8: 2 | Z8: No | AA8: 42422 | AC8: Chennai | AD8: Tamil Nadu | AE8: =COUNTBLANK(A8:AE8) -> 0 | AF8: =PROPER(UPPER(TRIM(Table1[[#This Row],[City]]))) -> Chennai | AG8: =IF(ISBLANK(I8),AVERAGE($I$2:$I$3001),I8) -> 6591 | AH8: =_xlfn.IFS(Table1[[#This Row],[Age]]<=25,"18-25",Table1[[#This Row],[Age]]<=35,"26-35",Table1[[#This Row],[Age]]<=45,"36-45",Table1[[#This Row],[Age]]<=55,"46-55",Table1[[#This Row],[Age]]<=65,"56-65") -> 46-55
A9: EMP10008 | B9: 39 | C9: Female | D9: IT | E9: IT Manager | F9: Bachelor's | G9: Other | H9: 3 | I9: 9847 | J9: 112 | K9: No | L9: 4 | M9: 1 | N9: 3 | O9: 6 | P9: 4 | Q9: 3 | R9: 3 | S9: 17 | T9: 1 | U9: 3 | V9: Travel_Rarely | W9: 11 | X9: Married | Y9: 2 | Z9: No | AA9: 45264 | AC9: Delhi | AD9: Delhi | AE9: =COUNTBLANK(A9:AE9) -> 0 | AF9: =PROPER(UPPER(TRIM(Table1[[#This Row],[City]]))) -> Delhi | AG9: =IF(ISBLANK(I9),AVERAGE($I$2:$I$3001),I9) -> 9847 | AH9: =_xlfn.IFS(Table1[[#This Row],[Age]]<=25,"18-25",Table1[[#This Row],[Age]]<=35,"26-35",Table1[[#This Row],[Age]]<=45,"36-45",Table1[[#This Row],[Age]]<=55,"46-55",Table1[[#This Row],[Age]]<=65,"56-65") -> 36-45
A10: EMP10009 | B10: 21 | C10: Female | D10: Sales | E10: Sales Executive | F10: Master's | G10: Marketing | H10: 2 | I10: 7086 | J10: 93 | K10: Yes | L10: 2 | M10: 4 | N10: 2 | O10: 0 | P10: 0 | Q10: 0 | R10: 0 | S10: 0 | T10: 6 | U10: 3 | V10: Travel_Rarely | W10: 20 | X10: Married | Y10: 1 | Z10: No | AA10: 44828 | AC10: Hyderabad | AD10: Telangana | AE10: =COUNTBLANK(A10:AE10) -> 0 | AF10: =PROPER(UPPER(TRIM(Table1[[#This Row],[City]]))) -> Hyderabad | AG10: =IF(ISBLANK(I10),AVERAGE($I$2:$I$3001),I10) -> 7086 | AH10: =_xlfn.IFS(Table1[[#This Row],[Age]]<=25,"18-25",Table1[[#This Row],[Age]]<=35,"26-35",Table1[[#This Row],[Age]]<=45,"36-45",Table1[[#This Row],[Age]]<=55,"46-55",Table1[[#This Row],[Age]]<=65,"56-65") -> 18-25
A11: EMP10010 | B11: 26 | C11: Female | D11: Research & Development | E11: Research Scientist | F11: High School | G11: Medical | H11: 3 | I11: 6510 | J11: 107 | K11: Yes | L11: 1 | M11: 2 | N11: 4 | O11: 3 | P11: 3 | Q11: 3 | R11: 2 | S11: 3 | T11: 0 | U11: 3 | V11: Travel_Rarely | W11: 29 | X11: Married | Y11: 1 | Z11: No | AA11: 43518 | AC11: Mumbai | AD11: Maharashtra | AE11: =COUNTBLANK(A11:AE11) -> 0 | AF11: =PROPER(UPPER(TRIM(Table1[[#This Row],[City]]))) -> Mumbai | AG11: =IF(ISBLANK(I11),AVERAGE($I$2:$I$3001),I11) -> 6510 | AH11: =_xlfn.IFS(Table1[[#This Row],[Age]]<=25,"18-25",Table1[[#This Row],[Age]]<=35,"26-35",Table1[[#This Row],[Age]]<=45,"36-45",Table1[[#This Row],[Age]]<=55,"46-55",Table1[[#This Row],[Age]]<=65,"56-65") -> 26-35
A12: EMP10011 | B12: 39 | C12: Female | D12: Research & Development | E12: Laboratory Technician | F12: Bachelor's | G12: Marketing | H12: 2 | I12: 7745 | J12: 103 | K12: No | L12: 1 | M12: 4 | N12: 4 | O12: 6 | P12: 3 | Q12: 5 | R12: 6 | S12: 10 | T12: 0 | U12: 3 | V12: Travel_Frequently | W12: 17 | X12: Single | Y12: 2 | Z12: No | AA12: 44417 | AC12: Bengaluru | AD12: Karnataka | AE12: =COUNTBLANK(A12:AE12) -> 0 | AF12: =PROPER(UPPER(TRIM(Table1[[#This Row],[City]]))) -> Bengaluru | AG12: =IF(ISBLANK(I12),AVERAGE($I$2:$I$3001),I12) -> 7745 | AH12: =_xlfn.IFS(Table1[[#This Row],[Age]]<=25,"18-25",Table1[[#This Row],[Age]]<=35,"26-35",Table1[[#This Row],[Age]]<=45,"36-45",Table1[[#This Row],[Age]]<=55,"46-55",Table1[[#This Row],[Age]]<=65,"56-65") -> 36-45
A13: EMP10012 | B13: 36 | C13: Female | D13: Operations | E13: Logistics Specialist | F13: Master's | G13: Medical | H13: 2 | I13: 7080 | J13: 101 | K13: No | L13: 4 | M13: 3 | N13: 4 | O13: 3 | P13: 3 | Q13: 3 | R13: 3 | S13: 13 | T13: 2 | U13: 4 | V13: Travel_Rarely | W13: 14 | X13: Single | Y13: 1 | Z13: No | AA13: 42413 | AC13: Coimbatore | AD13: Tamil Nadu | AE13: =COUNTBLANK(A13:AE13) -> 0 | AF13: =PROPER(UPPER(TRIM(Table1[[#This Row],[City]]))) -> Coimbatore | AG13: =IF(ISBLANK(I13),AVERAGE($I$2:$I$3001),I13) -> 7080 | AH13: =_xlfn.IFS(Table1[[#This Row],[Age]]<=25,"18-25",Table1[[#This Row],[Age]]<=35,"26-35",Table1[[#This Row],[Age]]<=45,"36-45",Table1[[#This Row],[Age]]<=55,"46-55",Table1[[#This Row],[Age]]<=65,"56-65") -> 36-45
A14: EMP10013 | B14: 52 | C14: Male | D14: Finance | E14: Finance Manager | F14: Master's | G14: Technical Degree | H14: 3 | I14: 9455 | J14: 36 | K14: Yes | L14: 2 | M14: 3 | N14: 3 | O14: 0 | P14: 0 | Q14: 0 | R14: 0 | S14: 21 | T14: 2 | U14: 3 | V14: Travel_Rarely | W14: 15 | X14: Divorced | Y14: 4 | Z14: No | AA14: 44571 | AC14: Mumbai | AD14: Maharashtra | AE14: =COUNTBLANK(A14:AE14) -> 0 | AF14: =PROPER(UPPER(TRIM(Table1[[#This Row],[City]]))) -> Mumbai | AG14: =IF(ISBLANK(I14),AVERAGE($I$2:$I$3001),I14) -> 9455 | AH14: =_xlfn.IFS(Table1[[#This Row],[Age]]<=25,"18-25",Table1[[#This Row],[Age]]<=35,"26-35",Table1[[#This Row],[Age]]<=45,"36-45",Table1[[#This Row],[Age]]<=55,"46-55",Table1[[#This Row],[Age]]<=65,"56-65") -> 46-55
A15: EMP10014 | B15: 37 | C15: Female | D15: IT | E15: Developer | F15: Bachelor's | G15: Medical | H15: 2 | I15: 7104 | J15: 119 | K15: Yes | L15: 1 | M15: 3 | N15: 3 | O15: 9 | P15: 4 | Q15: 0 | R15: 0 | S15: 13 | T15: 6 | U15: 3 | V15: Travel_Rarely | W15: 8 | X15: Single | Y15: 2 | Z15: No | AA15: 44370 | AC15: Ahmedabad | AD15: Gujarat | AE15: =COUNTBLANK(A15:AE15) -> 0 | AF15: =PROPER(UPPER(TRIM(Table1[[#This Row],[City]]))) -> Ahmedabad | AG15: =IF(ISBLANK(I15),AVERAGE($I$2:$I$3001),I15) -> 7104 | AH15: =_xlfn.IFS(Table1[[#This Row],[Age]]<=25,"18-25",Table1[[#This Row],[Age]]<=35,"26-35",Table1[[#This Row],[Age]]<=45,"36-45",Table1[[#This Row],[Age]]<=55,"46-55",Table1[[#This Row],[Age]]<=65,"56-65") -> 36-45
A16: EMP10015 | B16: 55 | C16: Male | D16: Research & Development | E16: Laboratory Technician | F16: Doctorate | G16: Marketing | H16: 2 | I16: 6870 | J16: 47 | K16: No | L16: 2 | M16: 4 | N16: 1 | O16: 6 | P16: 0 | Q16: 0 | R16: 2 | S16: 23 | T16: 2 | U16: 4 | V16: Travel_Rarely | W16: 2 | X16: Married | Y16: 2 | Z16: No | AA16: 45500 | AC16: Ahmedabad | AD16: Gujarat | AE16: =COUNTBLANK(A16:AE16) -> 0 | AF16: =PROPER(UPPER(TRIM(Table1[[#This Row],[City]]))) -> Ahmedabad | AG16: =IF(ISBLANK(I16),AVERAGE($I$2:$I$3001),I16) -> 6870 | AH16: =_xlfn.IFS(Table1[[#This Row],[Age]]<=25,"18-25",Table1[[#This Row],[Age]]<=35,"26-35",Table1[[#This Row],[Age]]<=45,"36-45",Table1[[#This Row],[Age]]<=55,"46-55",Table1[[#This Row],[Age]]<=65,"56-65") -> 46-55
A17: EMP10016 | B17: 28 | C17: Male | D17: Research & Development | E17: Research Scientist | F17: Master's | G17: Other | H17: 4 | I17: 8761 | J17: 34 | K17: No | L17: 4 | M17: 4 | N17: 1 | O17: 0 | P17: 0 | Q17: 0 | R17: 0 | S17: 0 | T17: 2 | U17: 3 | V17: Travel_Frequently | W17: 16 | X17: Married | Y17: 4 | Z17: No | AA17: 44401 | AC17: Pune | AD17: Maharashtra | AE17: =COUNTBLANK(A17:AE17) -> 0 | AF17: =PROPER(UPPER(TRIM(Table1[[#This Row],[City]]))) -> Pune | AG17: =IF(ISBLANK(I17),AVERAGE($I$2:$I$3001),I17) -> 8761 | AH17: =_xlfn.IFS(Table1[[#This Row],[Age]]<=25,"18-25",Table1[[#This Row],[Age]]<=35,"26-35",Table1[[#This Row],[Age]]<=45,"36-45",Table1[[#This Row],[Age]]<=55,"46-55",Table1[[#This Row],[Age]]<=65,"56-65") -> 26-35
A18: EMP10017 | B18: 36 | C18: Male | D18: Human Resources | E18: Human Resources | F18: Master's | G18: Life Sciences | H18: 2 | I18: 8347 | J18: 108 | K18: Yes | L18: 4 | M18: 3 | N18: 1 | O18: 5 | P18: 0 | Q18: 4 | R18: 2 | S18: 15 | T18: 1 | U18: 3 | V18: Travel_Rarely | W18: 24 | X18: Married | Y18: 1 | Z18: Yes | AA18: 43261 | AB18: 43651 | AC18: Pune | AD18: Maharashtra | AE18: =COUNTBLANK(A18:AE18) -> 0 | AF18: =PROPER(UPPER(TRIM(Table1[[#This Row],[City]]))) -> Pune | AG18: =IF(ISBLANK(I18),AVERAGE($I$2:$I$3001),I18) -> 8347 | AH18: =_xlfn.IFS(Table1[[#This Row],[Age]]<=25,"18-25",Table1[[#This Row],[Age]]<=35,"26-35",Table1[[#This Row],[Age]]<=45,"36-45",Table1[[#This Row],[Age]]<=55,"46-55",Table1[[#This Row],[Age]]<=65,"56-65") -> 36-45
A19: EMP10018 | B19: 51 | C19: Female | D19: Sales | E19: Sales Executive | F19: Bachelor's | G19: Human Resources | H19: 1 | I19: 6666 | J19: 97 | K19: No | L19: 4 | M19: 3 | N19: 2 | O19: 6 | P19: 5 | Q19: 5 | R19: 4 | S19: 14 | T19: 2 | U19: 3 | V19: Travel_Rarely | W19: 6 | X19: Married | Y19: 3 | Z19: No | AA19: 45062 | AC19: Ahmedabad | AD19: Gujarat | AE19: =COUNTBLANK(A19:AE19) -> 0 | AF19: =PROPER(UPPER(TRIM(Table1[[#This Row],[City]]))) -> Ahmedabad | AG19: =IF(ISBLANK(I19),AVERAGE($I$2:$I$3001),I19) -> 6666 | AH19: =_xlfn.IFS(Table1[[#This Row],[Age]]<=25,"18-25",Table1[[#This Row],[Age]]<=35,"26-35",Table1[[#This Row],[Age]]<=45,"36-45",Table1[[#This Row],[Age]]<=55,"46-55",Table1[[#This Row],[Age]]<=65,"56-65") -> 46-55
A20: EMP10019 | B20: 25 | C20: Female | D20: IT | E20: IT Manager | F20: Master's | G20: Life Sciences | H20: 2 | I20: 4448 | J20: 81 | K20: No | L20: 3 | M20: 1 | N20: 3 | O20: 2 | P20: 2 | Q20: 2 | R20: 2 | S20: 2 | T20: 1 | U20: 3 | V20: Travel_Rarely | W20: 28 | X20: Married | Y20: 3 | Z20: No | AA20: 45032 | AC20: Pune | AD20: Maharashtra | AE20: =COUNTBLANK(A20:AE20) -> 0 | AF20: =PROPER(UPPER(TRIM(Table1[[#This Row],[City]]))) -> Pune | AG20: =IF(ISBLANK(I20),AVERAGE($I$2:$I$3001),I20) -> 4448 | AH20: =_xlfn.IFS(Table1[[#This Row],[Age]]<=25,"18-25",Table1[[#This Row],[Age]]<=35,"26-35",Table1[[#This Row],[Age]]<=45,"36-45",Table1[[#This Row],[Age]]<=55,"46-55",Table1[[#This Row],[Age]]<=65,"56-65") -> 18-25
A21: EMP10020 | B21: 33 | C21: Female | D21: Finance | E21: Finance Manager | F21: Master's | G21: Marketing | H21: 2 | I21: 6541 | J21: 35 | K21: No | L21: 4 | M21: 1 | N21: 1 | O21: 5 | P21: 5 | Q21: 4 | R21: 4 | S21: 5 | T21: 4 | U21: 3 | V21: Travel_Frequently | W21: 23 | X21: Married | Y21: 4 | Z21: No | AA21: 45381 | AC21: Ahmedabad | AD21: Gujarat | AE21: =COUNTBLANK(A21:AE21) -> 0 | AF21: =PROPER(UPPER(TRIM(Table1[[#This Row],[City]]))) -> Ahmedabad | AG21: =IF(ISBLANK(I21),AVERAGE($I$2:$I$3001),I21) -> 6541 | AH21: =_xlfn.IFS(Table1[[#This Row],[Age]]<=25,"18-25",Table1[[#This Row],[Age]]<=35,"26-35",Table1[[#This Row],[Age]]<=45,"36-45",Table1[[#This Row],[Age]]<=55,"46-55",Table1[[#This Row],[Age]]<=65,"56-65") -> 26-35
A22: EMP10021 | B22: 51 | C22: Female | D22: IT | E22: IT Support | F22: Bachelor's | G22: Human Resources | H22: 3 | I22: 10642 | J22: 55 | K22: No | L22: 4 | M22: 3 | N22: 4 | O22: 1 | P22: 1 | Q22: 1 | R22: 1 | S22: 18 | T22: 5 | U22: 3 | V22: Travel_Frequently | W22: 20 | X22: Married | Y22: 2 | Z22: No | AA22: 44656 | AC22: Chennai | AD22: Tamil Nadu | AE22: =COUNTBLANK(A22:AE22) -> 0 | AF22: =PROPER(UPPER(TRIM(Table1[[#This Row],[City]]))) -> Chennai | AG22: =IF(ISBLANK(I22),AVERAGE($I$2:$I$3001),I22) -> 10642 | AH22: =_xlfn.IFS(Table1[[#This Row],[Age]]<=25,"18-25",Table1[[#This Row],[Age]]<=35,"26-35",Table1[[#This Row],[Age]]<=45,"36-45",Table1[[#This Row],[Age]]<=55,"46-55",Table1[[#This Row],[Age]]<=65,"56-65") -> 46-55
A23: EMP10022 | B23: 44 | C23: Female | D23: Research & Development | E23: Research Scientist | F23: Doctorate | G23: Other | H23: 3 | I23: 9213 | J23: 85 | K23: No | L23: 1 | M23: 2 | N23: 3 | O23: 5 | P23: 5 | Q23: 3 | R23: 5 | S23: 18 | T23: 5 | U23: 3 | V23: Travel_Rarely | W23: 10 | X23: Married | Y23: 4 | Z23: No | AA23: 45602 | AC23: Coimbatore | AD23: Tamil Nadu | AE23: =COUNTBLANK(A23:AE23) -> 0 | AF23: =PROPER(UPPER(TRIM(Table1[[#This Row],[City]]))) -> Coimbatore | AG23: =IF(ISBLANK(I23),AVERAGE($I$2:$I$3001),I23) -> 9213 | AH23: =_xlfn.IFS(Table1[[#This Row],[Age]]<=25,"18-25",Table1[[#This Row],[Age]]<=35,"26-35",Table1[[#This Row],[Age]]<=45,"36-45",Table1[[#This Row],[Age]]<=55,"46-55",Table1[[#This Row],[Age]]<=65,"56-65") -> 36-45
A24: EMP10023 | B24: 52 | C24: Male | D24: Operations | E24: Operations Manager | F24: Master's | G24: Medical | H24: 2 | I24: 9226 | J24: 91 | K24: No | L24: 2 | M24: 2 | N24: 3 | O24: 8 | P24: 3 | Q24: 0 | R24: 0 | S24: 27 | T24: 5 | U24: 3 | V24: Travel_Rarely | W24: 22 | X24: Divorced | Y24: 3 | Z24: No | AA24: 44476 | AC24: Mumbai | AD24: Maharashtra | AE24: =COUNTBLANK(A24:AE24) -> 0 | AF24: =PROPER(UPPER(TRIM(Table1[[#This Row],[City]]))) -> Mumbai | AG24: =IF(ISBLANK(I24),AVERAGE($I$2:$I$3001),I24) -> 9226 | AH24: =_xlfn.IFS(Table1[[#This Row],[Age]]<=25,"18-25",Table1[[#This Row],[Age]]<=35,"26-35",Table1[[#This Row],[Age]]<=45,"36-45",Table1[[#This Row],[Age]]<=55,"46-55",Table1[[#This Row],[Age]]<=65,"56-65") -> 46-55
A25: EMP10024 | B25: 41 | C25: Female | D25: Operations | E25: Logistics Specialist | F25: Bachelor's | G25: Life Sciences | H25: 2 | I25: 8445 | J25: 93 | K25: Yes | L25: 3 | M25: 3 | N25: 4 | O25: 4 | P25: 3 | Q25: 2 | R25: 0 | S25: 9 | T25: 4 | U25: 3 | V25: Travel_Rarely | W25: 30 | X25: Single | Y25: 2 | Z25: No | AA25: 44826 | AC25: Ahmedabad | AD25: Gujarat | AE25: =COUNTBLANK(A25:AE25) -> 0 | AF25: =PROPER(UPPER(TRIM(Table1[[#This Row],[City]]))) -> Ahmedabad | AG25: =IF(ISBLANK(I25),AVERAGE($I$2:$I$3001),I25) -> 8445 | AH25: =_xlfn.IFS(Table1[[#This Row],[Age]]<=25,"18-25",Table1[[#This Row],[Age]]<=35,"26-35",Table1[[#This Row],[Age]]<=45,"36-45",Table1[[#This Row],[Age]]<=55,"46-55",Table1[[#This Row],[Age]]<=65,"56-65") -> 36-45
A26: EMP10025 | B26: 55 | C26: Female | D26: IT | E26: Developer | F26: Master's | G26: Human Resources | H26: 2 | I26: 7049 | J26: 48 | K26: No | L26: 2 | M26: 1 | N26: 3 | O26: 8 | P26: 4 | Q26: 1 | R26: 4 | S26: 22 | T26: 4 | U26: 3 | V26: Travel_Rarely | W26: 9 | X26: Single | Y26: 3 | Z26: No | AA26: 45727 | AC26: Chennai | AD26: Tamil Nadu | AE26: =COUNTBLANK(A26:AE26) -> 0 | AF26: =PROPER(UPPER(TRIM(Table1[[#This Row],[City]]))) -> Chennai | AG26: =IF(ISBLANK(I26),AVERAGE($I$2:$I$3001),I26) -> 7049 | AH26: =_xlfn.IFS(Table1[[#This Row],[Age]]<=25,"18-25",Table1[[#This Row],[Age]]<=35,"26-35",Table1[[#This Row],[Age]]<=45,"36-45",Table1[[#This Row],[Age]]<=55,"46-55",Table1[[#This Row],[Age]]<=65,"56-65") -> 46-55
A27: EMP10026 | B27: 56 | C27: Female | D27: Sales | E27: Manager | F27: Bachelor's | G27: Other | H27: 1 | I27: 6396 | J27: 90 | K27: No | L27: 4 | M27: 2 | N27: 1 | O27: 5 | P27: 5 | Q27: 2 | R27: 5 | S27: 18 | T27: 2 | U27: 3 | V27: Travel_Rarely | W27: 19 | X27: Married | Y27: 2 | Z27: No | AA27: 44523 | AC27: Kolkata | AD27: West Bengal | AE27: =COUNTBLANK(A27:AE27) -> 0 | AF27: =PROPER(UPPER(TRIM(Table1[[#This Row],[City]]))) -> Kolkata | AG27: =IF(ISBLANK(I27),AVERAGE($I$2:$I$3001),I27) -> 6396 | AH27: =_xlfn.IFS(Table1[[#This Row],[Age]]<=25,"18-25",Table1[[#This Row],[Age]]<=35,"26-35",Table1[[#This Row],[Age]]<=45,"36-45",Table1[[#This Row],[Age]]<=55,"46-55",Table1[[#This Row],[Age]]<=65,"56-65") -> 56-65
A28: EMP10027 | B28: 59 | C28: Male | D28: Research & Development | E28: Laboratory Technician | F28: Master's | G28: Technical Degree | H28: 3 | I28: 9887 | J28: 35 | K28: No | L28: 4 | M28: 1 | N28: 4 | O28: 7 | P28: 4 | Q28: 2 | R28: 0 | S28: 24 | T28: 6 | U28: 3 | V28: Travel_Frequently | W28: 13 | X28: Single | Y28: 3 | Z28: No | AA28: 44386 | AC28: kolkata | AD28: West Bengal | AE28: =COUNTBLANK(A28:AE28) -> 0 | AF28: =PROPER(UPPER(TRIM(Table1[[#This Row],[City]]))) -> Kolkata | AG28: =IF(ISBLANK(I28),AVERAGE($I$2:$I$3001),I28) -> 9887 | AH28: =_xlfn.IFS(Table1[[#This Row],[Age]]<=25,"18-25",Table1[[#This Row],[Age]]<=35,"26-35",Table1[[#This Row],[Age]]<=45,"36-45",Table1[[#This Row],[Age]]<=55,"46-55",Table1[[#This Row],[Age]]<=65,"56-65") -> 56-65
A29: EMP10028 | B29: 25 | C29: Male | D29: Sales | E29: Manager | F29: Master's | G29: Life Sciences | H29: 1 | I29: 3570 | J29: 50 | K29: No | L29: 3 | M29: 4 | N29: 4 | O29: 5 | P29: 0 | Q29: 0 | R29: 2 | S29: 5 | T29: 6 | U29: 4 | V29: Travel_Frequently | W29: 19 | X29: Divorced | Y29: 2 | Z29: No | AA29: 42067 | AC29: Mumbai | AD29: Maharashtra | AE29: =COUNTBLANK(A29:AE29) -> 0 | AF29: =PROPER(UPPER(TRIM(Table1[[#This Row],[City]]))) -> Mumbai | AG29: =IF(ISBLANK(I29),AVERAGE($I$2:$I$3001),I29) -> 3570 | AH29: =_xlfn.IFS(Table1[[#This Row],[Age]]<=25,"18-25",Table1[[#This Row],[Age]]<=35,"26-35",Table1[[#This Row],[Age]]<=45,"36-45",Table1[[#This Row],[Age]]<=55,"46-55",Table1[[#This Row],[Age]]<=65,"56-65") -> 18-25
A30: EMP10029 | B30: 44 | C30: Female | D30: Sales | E30: Sales Representative | F30: High School | G30: Technical Degree | H30: 3 | I30: 8156 | J30: 26 | K30: No | L30: 1 | M30: 3 | N30: 1 | O30: 4 | P30: 1 | Q30: 0 | R30: 4 | S30: 20 | T30: 0 | U30: 3 | V30: Travel_Rarely | W30: 8 | X30: Single | Y30: 2 | Z30: No | AA30: 42932 | AC30: Coimbatore | AD30: Tamil Nadu | AE30: =COUNTBLANK(A30:AE30) -> 0 | AF30: =PROPER(UPPER(TRIM(Table1[[#This Row],[City]]))) -> Coimbatore | AG30: =IF(ISBLANK(I30),AVERAGE($I$2:$I$3001),I30) -> 8156 | AH30: =_xlfn.IFS(Table1[[#This Row],[Age]]<=25,"18-25",Table1[[#This Row],[Age]]<=35,"26-35",Table1[[#This Row],[Age]]<=45,"36-45",Table1[[#This Row],[Age]]<=55,"46-55",Table1[[#This Row],[Age]]<=65,"56-65") -> 36-45
... A37: EMP10036 | B37: 32 | C37: Female | D37: Sales | E37: Sales Executive | F37: Bachelor's | G37: Other | H37: 2 | I37: 6765 | J37: 67 | K37: Yes | L37: 2 | M37: 4 | N37: 3 | O37: 9 | P37: 0 | Q37: 0 | R37: 0 | S37: 9 | T37: 6 | U37: 3 | V37: Travel_Rarely | W37: 26 | X37: Married | Y37: 4 | Z37: No | AA37: 45594 | AC37: Kolkata | AD37: West Bengal | AE37: =COUNTBLANK(A37:AE37) -> 0 | AF37: =PROPER(UPPER(TRIM(Table1[[#This Row],[City]]))) -> Kolkata | AG37: =IF(ISBLANK(I37),AVERAGE($I$2:$I$3001),I37) -> 6765 | AH37: =_xlfn.IFS(Table1[[#This Row],[Age]]<=25,"18-25",Table1[[#This Row],[Age]]<=35,"26-35",Table1[[#This Row],[Age]]<=45,"36-45",Table1[[#This Row],[Age]]<=55,"46-55",Table1[[#This Row],[Age]]<=65,"56-65") -> 26-35
A38: EMP10037 | B38: 45 | C38: Female | D38: Sales | E38: Sales Representative | F38: Master's | G38: Technical Degree | H38: 3 | I38: 10063 | J38: 59 | K38: Yes | L38: 1 | M38: 3 | N38: 4 | O38: 0 | P38: 0 | Q38: 0 | R38: 0 | S38: 13 | T38: 4 | U38: 4 | V38: Travel_Rarely | W38: 28 | X38: Married | Y38: 1 | Z38: Yes | AA38: 43757 | AB38: 45601 | AC38: Kochi | AD38: Kerala | AE38: =COUNTBLANK(A38:AE38) -> 0 | AF38: =PROPER(UPPER(TRIM(Table1[[#This Row],[City]]))) -> Kochi | AG38: =IF(ISBLANK(I38),AVERAGE($I$2:$I$3001),I38) -> 10063 | AH38: =_xlfn.IFS(Table1[[#This Row],[Age]]<=25,"18-25",Table1[[#This Row],[Age]]<=35,"26-35",Table1[[#This Row],[Age]]<=45,"36-45",Table1[[#This Row],[Age]]<=55,"46-55",Table1[[#This Row],[Age]]<=65,"56-65") -> 36-45
A39: EMP10038 | B39: 51 | C39: Male | D39: Research & Development | E39: Research Scientist | F39: Bachelor's | G39: Technical Degree | H39: 4 | I39: 11516 | J39: 57 | K39: No | L39: 1 | M39: 3 | N39: 2 | O39: 5 | P39: 1 | Q39: 1 | R39: 3 | S39: 21 | T39: 6 | U39: 3 | V39: Travel_Rarely | W39: 30 | X39: Married | Y39: 4 | Z39: No | AA39: 44922 | AC39: Chennai | AD39: Tamil Nadu | AE39: =COUNTBLANK(A39:AE39) -> 0 | AF39: =PROPER(UPPER(TRIM(Table1[[#This Row],[City]]))) -> Chennai | AG39: =IF(ISBLANK(I39),AVERAGE($I$2:$I$3001),I39) -> 11516 | AH39: =_xlfn.IFS(Table1[[#This Row],[Age]]<=25,"18-25",Table1[[#This Row],[Age]]<=35,"26-35",Table1[[#This Row],[Age]]<=45,"36-45",Table1[[#This Row],[Age]]<=55,"46-55",Table1[[#This Row],[Age]]<=65,"56-65") -> 46-55
A40: EMP10039 | B40: 60 | C40: Male | D40: Research & Development | E40: Laboratory Technician | F40: Bachelor's | G40: Other | H40: 2 | I40: 8148 | J40: 54 | K40: No | L40: 2 | M40: 3 | N40: 4 | O40: 10 | P40: 1 | Q40: 0 | R40: 1 | S40: 24 | T40: 4 | U40: 3 | V40: Travel_Rarely | W40: 29 | X40: Married | Y40: 3 | Z40: Yes | AA40: 42244 | AB40: 44228 | AC40: Hyderabad | AD40: Telangana | AE40: =COUNTBLANK(A40:AE40) -> 0 | AF40: =PROPER(UPPER(TRIM(Table1[[#This Row],[City]]))) -> Hyderabad | AG40: =IF(ISBLANK(I40),AVERAGE($I$2:$I$3001),I40) -> 8148 | AH40: =_xlfn.IFS(Table1[[#This Row],[Age]]<=25,"18-25",Table1[[#This Row],[Age]]<=35,"26-35",Table1[[#This Row],[Age]]<=45,"36-45",Table1[[#This Row],[Age]]<=55,"46-55",Table1[[#This Row],[Age]]<=65,"56-65") -> 56-65
A41: EMP10040 | B41: 30 | C41: Male | D41: Finance | E41: Finance Analyst | F41: High School | G41: Medical | H41: 4 | I41: 12202 | J41: 110 | K41: No | L41: 3 | M41: 3 | N41: 2 | O41: 3 | P41: 2 | Q41: 3 | R41: 2 | S41: 10 | T41: 3 | U41: 3 | V41: Travel_Rarely | W41: 7 | X41: Divorced | Y41: 4 | Z41: No | AA41: 44549 | AC41: Pune | AD41: Maharashtra | AE41: =COUNTBLANK(A41:AE41) -> 0 | AF41: =PROPER(UPPER(TRIM(Table1[[#This Row],[City]]))) -> Pune | AG41: =IF(ISBLANK(I41),AVERAGE($I$2:$I$3001),I41) -> 12202 | AH41: =_xlfn.IFS(Table1[[#This Row],[Age]]<=25,"18-25",Table1[[#This Row],[Age]]<=35,"26-35",Table1[[#This Row],[Age]]<=45,"36-45",Table1[[#This Row],[Age]]<=55,"46-55",Table1[[#This Row],[Age]]<=65,"56-65") -> 26-35
A42: EMP10041 | B42: 50 | C42: Male | D42: Research & Development | E42: Laboratory Technician | F42: Bachelor's | G42: Other | H42: 1 | I42: 4098 | J42: 32 | K42: No | L42: 3 | M42: 1 | N42: 4 | O42: 7 | P42: 6 | Q42: 2 | R42: 7 | S42: 25 | T42: 1 | U42: 3 | V42: Travel_Rarely | W42: 27 | X42: Married | Y42: 3 | Z42: No | AA42: 45544 | AC42: Bengaluru | AD42: Karnataka | AE42: =COUNTBLANK(A42:AE42) -> 0 | AF42: =PROPER(UPPER(TRIM(Table1[[#This Row],[City]]))) -> Bengaluru | AG42: =IF(ISBLANK(I42),AVERAGE($I$2:$I$3001),I42) -> 4098 | AH42: =_xlfn.IFS(Table1[[#This Row],[Age]]<=25,"18-25",Table1[[#This Row],[Age]]<=35,"26-35",Table1[[#This Row],[Age]]<=45,"36-45",Table1[[#This Row],[Age]]<=55,"46-55",Table1[[#This Row],[Age]]<=65,"56-65") -> 46-55
A43: EMP10042 | B43: 24 | C43: Male | D43: IT | E43: Developer | F43: Bachelor's | G43: Medical | H43: 5 | I43: 10279 | J43: 102 | K43: Yes | L43: 2 | M43: 2 | N43: 1 | O43: 8 | P43: 4 | Q43: 0 | R43: 6 | S43: 8 | T43: 6 | U43: 3 | V43: Travel_Rarely | W43: 30 | X43: Married | Y43: 1 | Z43: No | AA43: 42504 | AC43: Kolkata | AD43: West Bengal | AE43: =COUNTBLANK(A43:AE43) -> 0 | AF43: =PROPER(UPPER(TRIM(Table1[[#This Row],[City]]))) -> Kolkata | AG43: =IF(ISBLANK(I43),AVERAGE($I$2:$I$3001),I43) -> 10279 | AH43: =_xlfn.IFS(Table1[[#This Row],[Age]]<=25,"18-25",Table1[[#This Row],[Age]]<=35,"26-35",Table1[[#This Row],[Age]]<=45,"36-45",Table1[[#This Row],[Age]]<=55,"46-55",Table1[[#This Row],[Age]]<=65,"56-65") -> 18-25
A44: EMP10043 | B44: 42 | C44: Female | D44: Finance | E44: Finance Analyst | F44: Bachelor's | G44: Marketing | H44: 1 | I44: 6099 | J44: 49 | K44: No | L44: 3 | M44: 4 | N44: 4 | O44: 0 | P44: 0 | Q44: 0 | R44: 0 | S44: 16 | T44: 1 | U44: 3 | V44: Travel_Rarely | W44: 17 | X44: Married | Y44: 2 | Z44: No | AA44: 42722 | AC44: Hyderabad | AD44: Telangana | AE44: =COUNTBLANK(A44:AE44) -> 0 | AF44: =PROPER(UPPER(TRIM(Table1[[#This Row],[City]]))) -> Hyderabad | AG44: =IF(ISBLANK(I44),AVERAGE($I$2:$I$3001),I44) -> 6099 | AH44: =_xlfn.IFS(Table1[[#This Row],[Age]]<=25,"18-25",Table1[[#This Row],[Age]]<=35,"26-35",Table1[[#This Row],[Age]]<=45,"36-45",Table1[[#This Row],[Age]]<=55,"46-55",Table1[[#This Row],[Age]]<=65,"56-65") -> 36-45
A45: EMP10044 | B45: 37 | C45: Female | D45: Research & Development | E45: Research Director | F45: Master's | G45: Marketing | H45: 2 | I45: 7042 | J45: 33 | K45: No | L45: 1 | M45: 4 | N45: 1 | O45: 6 | P45: 1 | Q45: 2 | R45: 4 | S45: 17 | T45: 1 | U45: 3 | V45: Travel_Rarely | W45: 19 | X45: Married | Y45: 4 | Z45: Yes | AA45: 44637 | AB45: 46238 | AC45: Kochi | AD45: Kerala | AE45: =COUNTBLANK(A45:AE45) -> 0 | AF45: =PROPER(UPPER(TRIM(Table1[[#This Row],[City]]))) -> Kochi | AG45: =IF(ISBLANK(I45),AVERAGE($I$2:$I$3001),I45) -> 7042 | AH45: =_xlfn.IFS(Table1[[#This Row],[Age]]<=25,"18-25",Table1[[#This Row],[Age]]<=35,"26-35",Table1[[#This Row],[Age]]<=45,"36-45",Table1[[#This Row],[Age]]<=55,"46-55",Table1[[#This Row],[Age]]<=65,"56-65") -> 36-45
A46: EMP10045 | B46: 59 | C46: Male | D46: IT | E46: Developer | F46: Bachelor's | G46: Technical Degree | H46: 1 | I46: 5397 | J46: 107 | K46: Yes | L46: 3 | M46: 3 | N46: 4 | O46: 10 | P46: 6 | Q46: 1 | R46: 0 | S46: 23 | T46: 5 | U46: 3 | V46: Non-Travel | W46: 27 | X46: Single | Y46: 1 | Z46: Yes | AA46: 44496 | AB46: 45089 | AC46: Kolkata | AD46: West Bengal | AE46: =COUNTBLANK(A46:AE46) -> 0 | AF46: =PROPER(UPPER(TRIM(Table1[[#This Row],[City]]))) -> Kolkata | AG46: =IF(ISBLANK(I46),AVERAGE($I$2:$I$3001),I46) -> 5397 | AH46: =_xlfn.IFS(Table1[[#This Row],[Age]]<=25,"18-25",Table1[[#This Row],[Age]]<=35,"26-35",Table1[[#This Row],[Age]]<=45,"36-45",Table1[[#This Row],[Age]]<=55,"46-55",Table1[[#This Row],[Age]]<=65,"56-65") -> 56-65
A47: EMP10046 | B47: 51 | C47: Male | D47: IT | E47: Developer | F47: High School | G47: Medical | H47: 3 | I47: 8901 | J47: 66 | K47: No | L47: 1 | M47: 4 | N47: 3 | O47: 4 | P47: 2 | Q47: 4 | R47: 4 | S47: 29 | T47: 6 | U47: 3 | V47: Travel_Frequently | W47: 24 | X47: Single | Y47: 3 | Z47: No | AA47: 44938 | AC47: Hyderabad | AD47: Telangana | AE47: =COUNTBLANK(A47:AE47) -> 0 | AF47: =PROPER(UPPER(TRIM(Table1[[#This Row],[City]]))) -> Hyderabad | AG47: =IF(ISBLANK(I47),AVERAGE($I$2:$I$3001),I47) -> 8901 | AH47: =_xlfn.IFS(Table1[[#This Row],[Age]]<=25,"18-25",Table1[[#This Row],[Age]]<=35,"26-35",Table1[[#This Row],[Age]]<=45,"36-45",Table1[[#This Row],[Age]]<=55,"46-55",Table1[[#This Row],[Age]]<=65,"56-65") -> 46-55
A48: EMP10047 | B48: 58 | C48: Male | D48: Research & Development | E48: Research Scientist | F48: Bachelor's | G48: Human Resources | H48: 5 | I48: 13003 | J48: 110 | K48: No | L48: 1 | M48: 4 | N48: 3 | O48: 11 | P48: 4 | Q48: 0 | R48: 3 | S48: 22 | T48: 6 | U48: 3 | V48: Travel_Rarely | W48: 24 | X48: Divorced | Y48: 4 | Z48: No | AA48: 43038 | AC48: Kochi | AD48: Kerala | AE48: =COUNTBLANK(A48:AE48) -> 0 | AF48: =PROPER(UPPER(TRIM(Table1[[#This Row],[City]]))) -> Kochi | AG48: =IF(ISBLANK(I48),AVERAGE($I$2:$I$3001),I48) -> 13003 | AH48: =_xlfn.IFS(Table1[[#This Row],[Age]]<=25,"18-25",Table1[[#This Row],[Age]]<=35,"26-35",Table1[[#This Row],[Age]]<=45,"36-45",Table1[[#This Row],[Age]]<=55,"46-55",Table1[[#This Row],[Age]]<=65,"56-65") -> 56-65
A49: EMP10048 | B49: 55 | C49: Male | D49: Research & Development | E49: Laboratory Technician | F49: Bachelor's | G49: Life Sciences | H49: 2 | I49: 9073 | J49: 32 | K49: No | L49: 4 | M49: 2 | N49: 4 | O49: 8 | P49: 5 | Q49: 4 | R49: 2 | S49: 16 | T49: 5 | U49: 3 | V49: Travel_Rarely | W49: 30 | X49: Divorced | Y49: 1 | Z49: No | AA49: 43242 | AC49: Coimbatore | AD49: Tamil Nadu | AE49: =COUNTBLANK(A49:AE49) -> 0 | AF49: =PROPER(UPPER(TRIM(Table1[[#This Row],[City]]))) -> Coimbatore | AG49: =IF(ISBLANK(I49),AVERAGE($I$2:$I$3001),I49) -> 9073 | AH49: =_xlfn.IFS(Table1[[#This Row],[Age]]<=25,"18-25",Table1[[#This Row],[Age]]<=35,"26-35",Table1[[#This Row],[Age]]<=45,"36-45",Table1[[#This Row],[Age]]<=55,"46-55",Table1[[#This Row],[Age]]<=65,"56-65") -> 46-55
A50: EMP10049 | B50: 37 | C50: Male | D50: Finance | E50: Finance Analyst | F50: Doctorate | G50: Technical Degree | H50: 2 | I50: 8371 | J50: 31 | K50: No | L50: 2 | M50: 3 | N50: 3 | O50: 12 | P50: 0 | Q50: 1 | R50: 3 | S50: 18 | T50: 6 | U50: 3 | V50: Travel_Frequently | W50: 26 | X50: Divorced | Y50: 3 | Z50: No | AA50: 42308 | AC50: Coimbatore | AD50: Tamil Nadu | AE50: =COUNTBLANK(A50:AE50) -> 0 | AF50: =PROPER(UPPER(TRIM(Table1[[#This Row],[City]]))) -> Coimbatore | AG50: =IF(ISBLANK(I50),AVERAGE($I$2:$I$3001),I50) -> 8371 | AH50: =_xlfn.IFS(Table1[[#This Row],[Age]]<=25,"18-25",Table1[[#This Row],[Age]]<=35,"26-35",Table1[[#This Row],[Age]]<=45,"36-45",Table1[[#This Row],[Age]]<=55,"46-55",Table1[[#This Row],[Age]]<=65,"56-65") -> 36-45
A51: EMP10050 | B51: 50 | C51: Male | D51: Sales | E51: Sales Executive | F51: Bachelor's | G51: Technical Degree | H51: 2 | I51: 9471 | J51: 107 | K51: Yes | L51: 3 | M51: 4 | N51: 3 | O51: 7 | P51: 6 | Q51: 2 | R51: 3 | S51: 18 | T51: 2 | U51: 3 | V51: Non-Travel | W51: 30 | X51: Married | Y51: 2 | Z51: No | AA51: 42984 | AC51: Chennai | AD51: Tamil Nadu | AE51: =COUNTBLANK(A51:AE51) -> 0 | AF51: =PROPER(UPPER(TRIM(Table1[[#This Row],[City]]))) -> Chennai | AG51: =IF(ISBLANK(I51),AVERAGE($I$2:$I$3001),I51) -> 9471 | AH51: =_xlfn.IFS(Table1[[#This Row],[Age]]<=25,"18-25",Table1[[#This Row],[Age]]<=35,"26-35",Table1[[#This Row],[Age]]<=45,"36-45",Table1[[#This Row],[Age]]<=55,"46-55",Table1[[#This Row],[Age]]<=65,"56-65") -> 46-55
A52: EMP10051 | B52: 22 | C52: Male | D52: Sales | E52: Sales Representative | F52: High School | G52: Technical Degree | H52: 1 | I52: 3225 | J52: 49 | K52: Yes | L52: 2 | M52: 1 | N52: 4 | O52: 3 | P52: 0 | Q52: 0 | R52: 0 | S52: 3 | T52: 0 | U52: 4 | V52: Travel_Rarely | W52: 28 | X52: Married | Y52: 2 | Z52: No | AA52: 44585 | AC52: Delhi | AD52: Delhi | AE52: =COUNTBLANK(A52:AE52) -> 0 | AF52: =PROPER(UPPER(TRIM(Table1[[#This Row],[City]]))) -> Delhi | AG52: =IF(ISBLANK(I52),AVERAGE($I$2:$I$3001),I52) -> 3225 | AH52: =_xlfn.IFS(Table1[[#This Row],[Age]]<=25,"18-25",Table1[[#This Row],[Age]]<=35,"26-35",Table1[[#This Row],[Age]]<=45,"36-45",Table1[[#This Row],[Age]]<=55,"46-55",Table1[[#This Row],[Age]]<=65,"56-65") -> 18-25
A53: EMP10052 | B53: 43 | C53: Male | D53: Sales | E53: Sales Executive | F53: Master's | G53: Technical Degree | H53: 3 | I53: 8180 | J53: 70 | K53: Yes | L53: 3 | M53: 4 | N53: 4 | O53: 6 | P53: 2 | Q53: 0 | R53: 6 | S53: 12 | T53: 1 | U53: 3 | V53: Travel_Rarely | W53: 18 | X53: Divorced | Y53: 1 | Z53: No | AA53: 44763 | AC53: Delhi | AD53: Delhi | AE53: =COUNTBLANK(A53:AE53) -> 0 | AF53: =PROPER(UPPER(TRIM(Table1[[#This Row],[City]]))) -> Delhi | AG53: =IF(ISBLANK(I53),AVERAGE($I$2:$I$3001),I53) -> 8180 | AH53: =_xlfn.IFS(Table1[[#This Row],[Age]]<=25,"18-25",Table1[[#This Row],[Age]]<=35,"26-35",Table1[[#This Row],[Age]]<=45,"36-45",Table1[[#This Row],[Age]]<=55,"46-55",Table1[[#This Row],[Age]]<=65,"56-65") -> 36-45
A54: EMP10053 | B54: 22 | C54: Female | D54: IT | E54: Developer | F54: Master's | G54: Human Resources | H54: 1 | I54: 3363 | J54: 40 | K54: No | L54: 3 | M54: 2 | N54: 1 | O54: 0 | P54: 0 | Q54: 0 | R54: 0 | S54: 12 | T54: 1 | U54: 3 | V54: Travel_Frequently | W54: 18 | X54: Married | Y54: 2 | Z54: No | AA54: 44266 | AC54: Chennai | AD54: Tamil Nadu | AE54: =COUNTBLANK(A54:AE54) -> 0 | AF54: =PROPER(UPPER(TRIM(Table1[[#This Row],[City]]))) -> Chennai | AG54: =IF(ISBLANK(I54),AVERAGE($I$2:$I$3001),I54) -> 3363 | AH54: =_xlfn.IFS(Table1[[#This Row],[Age]]<=25,"18-25",Table1[[#This Row],[Age]]<=35,"26-35",Table1[[#This Row],[Age]]<=45,"36-45",Table1[[#This Row],[Age]]<=55,"46-55",Table1[[#This Row],[Age]]<=65,"56-65") -> 18-25
A55: EMP10054 | B55: 49 | C55: Male | D55: Finance | E55: Finance Analyst | F55: Master's | G55: Other | H55: 4 | I55: 12700 | J55: 49 | K55: No | L55: 4 | M55: 2 | N55: 4 | O55: 2 | P55: 2 | Q55: 0 | R55: 2 | S55: 27 | T55: 5 | U55: 4 | V55: Travel_Rarely | W55: 16 | X55: Divorced | Y55: 1 | Z55: No | AA55: 42488 | AC55: Kolkata | AD55: West Bengal | AE55: =COUNTBLANK(A55:AE55) -> 0 | AF55: =PROPER(UPPER(TRIM(Table1[[#This Row],[City]]))) -> Kolkata | AG55: =IF(ISBLANK(I55),AVERAGE($I$2:$I$3001),I55) -> 12700 | AH55: =_xlfn.IFS(Table1[[#This Row],[Age]]<=25,"18-25",Table1[[#This Row],[Age]]<=35,"26-35",Table1[[#This Row],[Age]]<=45,"36-45",Table1[[#This Row],[Age]]<=55,"46-55",Table1[[#This Row],[Age]]<=65,"56-65") -> 46-55
A56: EMP10055 | B56: 59 | C56: Male | D56: Finance | E56: Finance Manager | F56: Master's | G56: Medical | H56: 4 | I56: 12466 | J56: 79 | K56: No | L56: 1 | M56: 2 | N56: 3 | O56: 9 | P56: 4 | Q56: 3 | R56: 0 | S56: 33 | T56: 2 | U56: 3 | V56: Travel_Rarely | W56: 10 | X56: Married | Y56: 2 | Z56: No | AA56: 45475 | AC56: Kochi | AD56: Kerala | AE56: =COUNTBLANK(A56:AE56) -> 0 | AF56: =PROPER(UPPER(TRIM(Table1[[#This Row],[City]]))) -> Kochi | AG56: =IF(ISBLANK(I56),AVERAGE($I$2:$I$3001),I56) -> 12466 | AH56: =_xlfn.IFS(Table1[[#This Row],[Age]]<=25,"18-25",Table1[[#This Row],[Age]]<=35,"26-35",Table1[[#This Row],[Age]]<=45,"36-45",Table1[[#This Row],[Age]]<=55,"46-55",Table1[[#This Row],[Age]]<=65,"56-65") -> 56-65
A57: EMP10056 | B57: 48 | C57: Male | D57: IT | E57: IT Manager | F57: Doctorate | G57: Marketing | H57: 1 | I57: 6157 | J57: 31 | K57: No | L57: 3 | M57: 2 | N57: 1 | O57: 9 | P57: 4 | Q57: 2 | R57: 0 | S57: 20 | T57: 3 | U57: 3 | V57: Non-Travel | W57: 21 | X57: Married | Y57: 3 | Z57: No | AA57: 44341 | AC57: Coimbatore | AD57: Tamil Nadu | AE57: =COUNTBLANK(A57:AE57) -> 0 | AF57: =PROPER(UPPER(TRIM(Table1[[#This Row],[City]]))) -> Coimbatore | AG57: =IF(ISBLANK(I57),AVERAGE($I$2:$I$3001),I57) -> 6157 | AH57: =_xlfn.IFS(Table1[[#This Row],[Age]]<=25,"18-25",Table1[[#This Row],[Age]]<=35,"26-35",Table1[[#This Row],[Age]]<=45,"36-45",Table1[[#This Row],[Age]]<=55,"46-55",Table1[[#This Row],[Age]]<=65,"56-65") -> 46-55
A58: EMP10057 | B58: 54 | C58: Male | D58: Research & Development | E58: Research Scientist | F58: Master's | G58: Technical Degree | H58: 2 | I58: 8422 | J58: 98 | K58: No | L58: 4 | M58: 2 | N58: 4 | O58: 4 | P58: 4 | Q58: 0 | R58: 4 | S58: 27 | T58: 6 | U58: 3 | V58: Non-Travel | W58: 19 | X58: Married | Y58: 2 | Z58: No | AA58: 42147 | AC58: Pune | AD58: Maharashtra | AE58: =COUNTBLANK(A58:AE58) -> 0 | AF58: =PROPER(UPPER(TRIM(Table1[[#This Row],[City]]))) -> Pune | AG58: =IF(ISBLANK(I58),AVERAGE($I$2:$I$3001),I58) -> 8422 | AH58: =_xlfn.IFS(Table1[[#This Row],[Age]]<=25,"18-25",Table1[[#This Row],[Age]]<=35,"26-35",Table1[[#This Row],[Age]]<=45,"36-45",Table1[[#This Row],[Age]]<=55,"46-55",Table1[[#This Row],[Age]]<=65,"56-65") -> 46-55
... A66: EMP10065 | B66: 45 | C66: Male | D66: Finance | E66: Finance Analyst | F66: Bachelor's | G66: Marketing | H66: 3 | I66: 9725 | J66: 93 | K66: No | L66: 3 | M66: 2 | N66: 1 | O66: 1 | P66: 0 | Q66: 1 | R66: 0 | S66: 18 | T66: 5 | U66: 3 | V66: Travel_Rarely | W66: 10 | X66: Married | Y66: 2 | Z66: No | AA66: 42089 | AC66: Bengaluru | AD66: Karnataka | AE66: =COUNTBLANK(A66:AE66) -> 0 | AF66: =PROPER(UPPER(TRIM(Table1[[#This Row],[City]]))) -> Bengaluru | AG66: =IF(ISBLANK(I66),AVERAGE($I$2:$I$3001),I66) -> 9725 | AH66: =_xlfn.IFS(Table1[[#This Row],[Age]]<=25,"18-25",Table1[[#This Row],[Age]]<=35,"26-35",Table1[[#This Row],[Age]]<=45,"36-45",Table1[[#This Row],[Age]]<=55,"46-55",Table1[[#This Row],[Age]]<=65,"56-65") -> 36-45
A67: EMP10066 | B67: 47 | C67: Female | D67: Human Resources | E67: Human Resources | F67: Master's | G67: Human Resources | H67: 3 | I67: 9518 | J67: 68 | K67: No | L67: 1 | M67: 1 | N67: 3 | O67: 8 | P67: 4 | Q67: 2 | R67: 0 | S67: 17 | T67: 4 | U67: 3 | V67: Travel_Frequently | W67: 14 | X67: Single | Y67: 1 | Z67: Yes | AA67: 42290 | AB67: 45365 | AC67: Chennai | AD67: Tamil Nadu | AE67: =COUNTBLANK(A67:AE67) -> 0 | AF67: =PROPER(UPPER(TRIM(Table1[[#This Row],[City]]))) -> Chennai | AG67: =IF(ISBLANK(I67),AVERAGE($I$2:$I$3001),I67) -> 9518 | AH67: =_xlfn.IFS(Table1[[#This Row],[Age]]<=25,"18-25",Table1[[#This Row],[Age]]<=35,"26-35",Table1[[#This Row],[Age]]<=45,"36-45",Table1[[#This Row],[Age]]<=55,"46-55",Table1[[#This Row],[Age]]<=65,"56-65") -> 46-55
A68: EMP10067 | B68: 55 | C68: Male | D68: Human Resources | E68: Human Resources | F68: Bachelor's | G68: Life Sciences | H68: 2 | I68: 9072 | J68: 118 | K68: Yes | L68: 3 | M68: 2 | N68: 4 | O68: 0 | P68: 0 | Q68: 0 | R68: 0 | S68: 26 | T68: 4 | U68: 3 | V68: Travel_Rarely | W68: 22 | X68: Single | Y68: 1 | Z68: No | AA68: 43994 | AC68: Mumbai | AD68: Maharashtra | AE68: =COUNTBLANK(A68:AE68) -> 0 | AF68: =PROPER(UPPER(TRIM(Table1[[#This Row],[City]]))) -> Mumbai | AG68: =IF(ISBLANK(I68),AVERAGE($I$2:$I$3001),I68) -> 9072 | AH68: =_xlfn.IFS(Table1[[#This Row],[Age]]<=25,"18-25",Table1[[#This Row],[Age]]<=35,"26-35",Table1[[#This Row],[Age]]<=45,"36-45",Table1[[#This Row],[Age]]<=55,"46-55",Table1[[#This Row],[Age]]<=65,"56-65") -> 46-55
A69: EMP10068 | B69: 40 | C69: Male | D69: Research & Development | E69: Research Scientist | F69: Master's | G69: Life Sciences | H69: 1 | I69: 5843 | J69: 111 | K69: No | L69: 4 | M69: 2 | N69: 4 | O69: 1 | P69: 1 | Q69: 1 | R69: 0 | S69: 12 | T69: 5 | U69: 3 | V69: Travel_Rarely | W69: 10 | X69: Divorced | Y69: 1 | Z69: No | AA69: 44848 | AC69: Ahmedabad | AD69: Gujarat | AE69: =COUNTBLANK(A69:AE69) -> 0 | AF69: =PROPER(UPPER(TRIM(Table1[[#This Row],[City]]))) -> Ahmedabad | AG69: =IF(ISBLANK(I69),AVERAGE($I$2:$I$3001),I69) -> 5843 | AH69: =_xlfn.IFS(Table1[[#This Row],[Age]]<=25,"18-25",Table1[[#This Row],[Age]]<=35,"26-35",Table1[[#This Row],[Age]]<=45,"36-45",Table1[[#This Row],[Age]]<=55,"46-55",Table1[[#This Row],[Age]]<=65,"56-65") -> 36-45
A70: EMP10069 | B70: 41 | C70: Male | D70: Sales | E70: Sales Executive | F70: Master's | G70: Marketing | H70: 2 | I70: 6705 | J70: 113 | K70: Yes | L70: 3 | M70: 4 | N70: 3 | O70: 0 | P70: 0 | Q70: 0 | R70: 0 | S70: 18 | T70: 5 | U70: 3 | V70: Travel_Rarely | W70: 15 | X70: Single | Y70: 2 | Z70: No | AA70: 43450 | AC70: Kolkata | AD70: West Bengal | AE70: =COUNTBLANK(A70:AE70) -> 0 | AF70: =PROPER(UPPER(TRIM(Table1[[#This Row],[City]]))) -> Kolkata | AG70: =IF(ISBLANK(I70),AVERAGE($I$2:$I$3001),I70) -> 6705 | AH70: =_xlfn.IFS(Table1[[#This Row],[Age]]<=25,"18-25",Table1[[#This Row],[Age]]<=35,"26-35",Table1[[#This Row],[Age]]<=45,"36-45",Table1[[#This Row],[Age]]<=55,"46-55",Table1[[#This Row],[Age]]<=65,"56-65") -> 36-45
A71: EMP10070 | B71: 41 | C71: Male | D71: Research & Development | E71: Research Director | F71: Bachelor's | G71: Medical | H71: 4 | I71: 11390 | J71: 100 | K71: Yes | L71: 3 | M71: 3 | N71: 4 | O71: 9 | P71: 3 | Q71: 4 | R71: 3 | S71: 21 | T71: 2 | U71: 3 | V71: Non-Travel | W71: 18 | X71: Single | Y71: 4 | Z71: No | AA71: 42329 | AC71: Hyderabad | AD71: Telangana | AE71: =COUNTBLANK(A71:AE71) -> 0 | AF71: =PROPER(UPPER(TRIM(Table1[[#This Row],[City]]))) -> Hyderabad | AG71: =IF(ISBLANK(I71),AVERAGE($I$2:$I$3001),I71) -> 11390 | AH71: =_xlfn.IFS(Table1[[#This Row],[Age]]<=25,"18-25",Table1[[#This Row],[Age]]<=35,"26-35",Table1[[#This Row],[Age]]<=45,"36-45",Table1[[#This Row],[Age]]<=55,"46-55",Table1[[#This Row],[Age]]<=65,"56-65") -> 36-45
A72: EMP10071 | B72: 25 | C72: Female | D72: Sales | E72: Sales Executive | F72: Bachelor's | G72: Human Resources | H72: 2 | I72: 6939 | J72: 34 | K72: Yes | L72: 3 | M72: 3 | N72: 1 | O72: 2 | P72: 2 | Q72: 0 | R72: 2 | S72: 5 | T72: 6 | U72: 3 | V72: Non-Travel | W72: 17 | X72: Single | Y72: 1 | Z72: No | AA72: 44872 | AC72: Kolkata | AD72: West Bengal | AE72: =COUNTBLANK(A72:AE72) -> 0 | AF72: =PROPER(UPPER(TRIM(Table1[[#This Row],[City]]))) -> Kolkata | AG72: =IF(ISBLANK(I72),AVERAGE($I$2:$I$3001),I72) -> 6939 | AH72: =_xlfn.IFS(Table1[[#This Row],[Age]]<=25,"18-25",Table1[[#This Row],[Age]]<=35,"26-35",Table1[[#This Row],[Age]]<=45,"36-45",Table1[[#This Row],[Age]]<=55,"46-55",Table1[[#This Row],[Age]]<=65,"56-65") -> 18-25
A73: EMP10072 | B73: 24 | C73: Male | D73: Research & Development | E73: Research Director | F73: Bachelor's | G73: Other | H73: 1 | I73: 5225 | J73: 98 | K73: No | L73: 1 | M73: 1 | N73: 2 | O73: 10 | P73: 4 | Q73: 4 | R73: 8 | S73: 13 | T73: 0 | U73: 3 | V73: Travel_Rarely | W73: 6 | X73: Married | Y73: 4 | Z73: No | AA73: 42774 | AC73: Ahmedabad | AD73: Gujarat | AE73: =COUNTBLANK(A73:AE73) -> 0 | AF73: =PROPER(UPPER(TRIM(Table1[[#This Row],[City]]))) -> Ahmedabad | AG73: =IF(ISBLANK(I73),AVERAGE($I$2:$I$3001),I73) -> 5225 | AH73: =_xlfn.IFS(Table1[[#This Row],[Age]]<=25,"18-25",Table1[[#This Row],[Age]]<=35,"26-35",Table1[[#This Row],[Age]]<=45,"36-45",Table1[[#This Row],[Age]]<=55,"46-55",Table1[[#This Row],[Age]]<=65,"56-65") -> 18-25
A74: EMP10073 | B74: 21 | C74: Male | D74: Operations | E74: Logistics Specialist | F74: Master's | G74: Marketing | H74: 4 | I74: 10932 | J74: 46 | K74: No | L74: 1 | M74: 1 | N74: 4 | O74: 3 | P74: 3 | Q74: 1 | R74: 2 | S74: 7 | T74: 1 | U74: 3 | V74: Travel_Frequently | W74: 16 | X74: Married | Y74: 3 | Z74: No | AA74: 42974 | AC74: Ahmedabad | AD74: Gujarat | AE74: =COUNTBLANK(A74:AE74) -> 0 | AF74: =PROPER(UPPER(TRIM(Table1[[#This Row],[City]]))) -> Ahmedabad | AG74: =IF(ISBLANK(I74),AVERAGE($I$2:$I$3001),I74) -> 10932 | AH74: =_xlfn.IFS(Table1[[#This Row],[Age]]<=25,"18-25",Table1[[#This Row],[Age]]<=35,"26-35",Table1[[#This Row],[Age]]<=45,"36-45",Table1[[#This Row],[Age]]<=55,"46-55",Table1[[#This Row],[Age]]<=65,"56-65") -> 18-25
A75: EMP10074 | B75: 47 | C75: Male | D75: Research & Development | E75: Laboratory Technician | F75: Master's | G75: Technical Degree | H75: 3 | I75: 9076 | J75: 50 | K75: No | L75: 3 | M75: 2 | N75: 4 | O75: 6 | P75: 1 | Q75: 3 | R75: 3 | S75: 27 | T75: 5 | U75: 4 | V75: Travel_Rarely | W75: 28 | X75: Divorced | Y75: 4 | Z75: No | AA75: 44205 | AC75: Hyderabad | AD75: Telangana | AE75: =COUNTBLANK(A75:AE75) -> 0 | AF75: =PROPER(UPPER(TRIM(Table1[[#This Row],[City]]))) -> Hyderabad | AG75: =IF(ISBLANK(I75),AVERAGE($I$2:$I$3001),I75) -> 9076 | AH75: =_xlfn.IFS(Table1[[#This Row],[Age]]<=25,"18-25",Table1[[#This Row],[Age]]<=35,"26-35",Table1[[#This Row],[Age]]<=45,"36-45",Table1[[#This Row],[Age]]<=55,"46-55",Table1[[#This Row],[Age]]<=65,"56-65") -> 46-55
A76: EMP10075 | B76: 37 | C76: Female | D76: Sales | E76: Manager | F76: Master's | G76: Medical | H76: 2 | I76: 7881 | J76: 99 | K76: No | L76: 1 | M76: 4 | N76: 4 | O76: 7 | P76: 3 | Q76: 5 | R76: 0 | S76: 12 | T76: 3 | U76: 3 | V76: Travel_Frequently | W76: 20 | X76: Married | Y76: 3 | Z76: No | AA76: 42777 | AC76: Kochi | AD76: Kerala | AE76: =COUNTBLANK(A76:AE76) -> 0 | AF76: =PROPER(UPPER(TRIM(Table1[[#This Row],[City]]))) -> Kochi | AG76: =IF(ISBLANK(I76),AVERAGE($I$2:$I$3001),I76) -> 7881 | AH76: =_xlfn.IFS(Table1[[#This Row],[Age]]<=25,"18-25",Table1[[#This Row],[Age]]<=35,"26-35",Table1[[#This Row],[Age]]<=45,"36-45",Table1[[#This Row],[Age]]<=55,"46-55",Table1[[#This Row],[Age]]<=65,"56-65") -> 36-45
A77: EMP10076 | B77: 55 | C77: Male | D77: Research & Development | E77: Research Scientist | F77: Bachelor's | G77: Technical Degree | H77: 3 | I77: 8518 | J77: 95 | K77: Yes | L77: 1 | M77: 1 | N77: 2 | O77: 0 | P77: 0 | Q77: 0 | R77: 0 | S77: 17 | T77: 2 | U77: 3 | V77: Travel_Frequently | W77: 24 | X77: Divorced | Y77: 2 | Z77: No | AA77: 45281 | AC77: Kolkata | AD77: West Bengal | AE77: =COUNTBLANK(A77:AE77) -> 0 | AF77: =PROPER(UPPER(TRIM(Table1[[#This Row],[City]]))) -> Kolkata | AG77: =IF(ISBLANK(I77),AVERAGE($I$2:$I$3001),I77) -> 8518 | AH77: =_xlfn.IFS(Table1[[#This Row],[Age]]<=25,"18-25",Table1[[#This Row],[Age]]<=35,"26-35",Table1[[#This Row],[Age]]<=45,"36-45",Table1[[#This Row],[Age]]<=55,"46-55",Table1[[#This Row],[Age]]<=65,"56-65") -> 46-55
A78: EMP10077 | B78: 49 | C78: Female | D78: Research & Development | E78: Research Scientist | F78: Master's | G78: Human Resources | H78: 2 | I78: 7832 | J78: 32 | K78: No | L78: 4 | M78: 4 | N78: 1 | O78: 6 | P78: 3 | Q78: 1 | R78: 0 | S78: 17 | T78: 3 | U78: 4 | V78: Travel_Rarely | W78: 22 | X78: Single | Y78: 1 | Z78: Yes | AA78: 45218 | AB78: 45311 | AC78: Delhi | AD78: Delhi | AE78: =COUNTBLANK(A78:AE78) -> 0 | AF78: =PROPER(UPPER(TRIM(Table1[[#This Row],[City]]))) -> Delhi | AG78: =IF(ISBLANK(I78),AVERAGE($I$2:$I$3001),I78) -> 7832 | AH78: =_xlfn.IFS(Table1[[#This Row],[Age]]<=25,"18-25",Table1[[#This Row],[Age]]<=35,"26-35",Table1[[#This Row],[Age]]<=45,"36-45",Table1[[#This Row],[Age]]<=55,"46-55",Table1[[#This Row],[Age]]<=65,"56-65") -> 46-55
A79: EMP10078 | B79: 26 | C79: Male | D79: Finance | E79: Finance Analyst | F79: Master's | G79: Human Resources | H79: 5 | I79: 11828 | J79: 119 | K79: No | L79: 2 | M79: 4 | N79: 4 | O79: 3 | P79: 0 | Q79: 2 | R79: 2 | S79: 3 | T79: 0 | U79: 4 | V79: Travel_Frequently | W79: 3 | X79: Married | Y79: 3 | Z79: No | AA79: 43479 | AC79: Ahmedabad | AD79: Gujarat | AE79: =COUNTBLANK(A79:AE79) -> 0 | AF79: =PROPER(UPPER(TRIM(Table1[[#This Row],[City]]))) -> Ahmedabad | AG79: =IF(ISBLANK(I79),AVERAGE($I$2:$I$3001),I79) -> 11828 | AH79: =_xlfn.IFS(Table1[[#This Row],[Age]]<=25,"18-25",Table1[[#This Row],[Age]]<=35,"26-35",Table1[[#This Row],[Age]]<=45,"36-45",Table1[[#This Row],[Age]]<=55,"46-55",Table1[[#This Row],[Age]]<=65,"56-65") -> 26-35
A80: EMP10079 | B80: 25 | C80: Male | D80: Human Resources | E80: Manager | F80: High School | G80: Other | H80: 4 | I80: 11523 | J80: 90 | K80: No | L80: 4 | M80: 2 | N80: 2 | O80: 1 | P80: 0 | Q80: 0 | R80: 1 | S80: 1 | T80: 0 | U80: 3 | V80: Travel_Frequently | W80: 14 | X80: Married | Y80: 3 | Z80: No | AA80: 44951 | AC80: Hyderabad | AD80: Telangana | AE80: =COUNTBLANK(A80:AE80) -> 0 | AF80: =PROPER(UPPER(TRIM(Table1[[#This Row],[City]]))) -> Hyderabad | AG80: =IF(ISBLANK(I80),AVERAGE($I$2:$I$3001),I80) -> 11523 | AH80: =_xlfn.IFS(Table1[[#This Row],[Age]]<=25,"18-25",Table1[[#This Row],[Age]]<=35,"26-35",Table1[[#This Row],[Age]]<=45,"36-45",Table1[[#This Row],[Age]]<=55,"46-55",Table1[[#This Row],[Age]]<=65,"56-65") -> 18-25
A81: EMP10080 | B81: 35 | C81: Female | D81: IT | E81: Developer | F81: Bachelor's | G81: Technical Degree | H81: 2 | I81: 7029 | J81: 104 | K81: No | L81: 4 | M81: 1 | N81: 3 | O81: 1 | P81: 1 | Q81: 1 | R81: 1 | S81: 2 | T81: 0 | U81: 3 | V81: Travel_Rarely | W81: 10 | X81: Divorced | Y81: 2 | Z81: No | AA81: 42231 | AC81: Ahmedabad | AD81: Gujarat | AE81: =COUNTBLANK(A81:AE81) -> 0 | AF81: =PROPER(UPPER(TRIM(Table1[[#This Row],[City]]))) -> Ahmedabad | AG81: =IF(ISBLANK(I81),AVERAGE($I$2:$I$3001),I81) -> 7029 | AH81: =_xlfn.IFS(Table1[[#This Row],[Age]]<=25,"18-25",Table1[[#This Row],[Age]]<=35,"26-35",Table1[[#This Row],[Age]]<=45,"36-45",Table1[[#This Row],[Age]]<=55,"46-55",Table1[[#This Row],[Age]]<=65,"56-65") -> 26-35
A82: EMP10081 | B82: 57 | C82: Male | D82: Finance | E82: Finance Manager | F82: Bachelor's | G82: Marketing | H82: 2 | I82: 8927 | J82: 110 | K82: No | L82: 1 | M82: 1 | N82: 1 | O82: 2 | P82: 0 | Q82: 2 | R82: 0 | S82: 29 | T82: 6 | U82: 3 | V82: Travel_Frequently | W82: 16 | X82: Married | Y82: 4 | Z82: No | AA82: 45312 | AC82: Bengaluru | AD82: Karnataka | AE82: =COUNTBLANK(A82:AE82) -> 0 | AF82: =PROPER(UPPER(TRIM(Table1[[#This Row],[City]]))) -> Bengaluru | AG82: =IF(ISBLANK(I82),AVERAGE($I$2:$I$3001),I82) -> 8927 | AH82: =_xlfn.IFS(Table1[[#This Row],[Age]]<=25,"18-25",Table1[[#This Row],[Age]]<=35,"26-35",Table1[[#This Row],[Age]]<=45,"36-45",Table1[[#This Row],[Age]]<=55,"46-55",Table1[[#This Row],[Age]]<=65,"56-65") -> 56-65
A83: EMP10082 | B83: 22 | C83: Male | D83: Research & Development | E83: Laboratory Technician | F83: Bachelor's | G83: Life Sciences | H83: 2 | I83: 4869 | J83: 76 | K83: No | L83: 4 | M83: 1 | N83: 4 | O83: 0 | P83: 0 | Q83: 0 | R83: 0 | S83: 0 | T83: 2 | U83: 3 | V83: Travel_Frequently | W83: 2 | X83: Married | Y83: 3 | Z83: No | AA83: 43402 | AC83: Coimbatore | AD83: Tamil Nadu | AE83: =COUNTBLANK(A83:AE83) -> 0 | AF83: =PROPER(UPPER(TRIM(Table1[[#This Row],[City]]))) -> Coimbatore | AG83: =IF(ISBLANK(I83),AVERAGE($I$2:$I$3001),I83) -> 4869 | AH83: =_xlfn.IFS(Table1[[#This Row],[Age]]<=25,"18-25",Table1[[#This Row],[Age]]<=35,"26-35",Table1[[#This Row],[Age]]<=45,"36-45",Table1[[#This Row],[Age]]<=55,"46-55",Table1[[#This Row],[Age]]<=65,"56-65") -> 18-25
A84: EMP10083 | B84: 28 | C84: Male | D84: IT | E84: IT Support | F84: Bachelor's | G84: Human Resources | H84: 3 | I84: 8268 | J84: 56 | K84: No | L84: 2 | M84: 4 | N84: 2 | O84: 10 | P84: 1 | Q84: 1 | R84: 3 | S84: 10 | T84: 6 | U84: 4 | V84: Travel_Rarely | W84: 7 | X84: Married | Y84: 2 | Z84: No | AA84: 45839 | AC84: Pune | AD84: Maharashtra | AE84: =COUNTBLANK(A84:AE84) -> 0 | AF84: =PROPER(UPPER(TRIM(Table1[[#This Row],[City]]))) -> Pune | AG84: =IF(ISBLANK(I84),AVERAGE($I$2:$I$3001),I84) -> 8268 | AH84: =_xlfn.IFS(Table1[[#This Row],[Age]]<=25,"18-25",Table1[[#This Row],[Age]]<=35,"26-35",Table1[[#This Row],[Age]]<=45,"36-45",Table1[[#This Row],[Age]]<=55,"46-55",Table1[[#This Row],[Age]]<=65,"56-65") -> 26-35
A85: EMP10084 | B85: 22 | C85: Male | D85: Sales | E85: Manager | F85: Bachelor's | G85: Human Resources | H85: 3 | I85: 7493 | J85: 25 | K85: Yes | L85: 3 | M85: 4 | N85: 4 | O85: 3 | P85: 2 | Q85: 2 | R85: 3 | S85: 11 | T85: 3 | U85: 3 | V85: Travel_Rarely | W85: 4 | X85: Married | Y85: 1 | Z85: No | AA85: 42301 | AC85: Mumbai | AD85: Maharashtra | AE85: =COUNTBLANK(A85:AE85) -> 0 | AF85: =PROPER(UPPER(TRIM(Table1[[#This Row],[City]]))) -> Mumbai | AG85: =IF(ISBLANK(I85),AVERAGE($I$2:$I$3001),I85) -> 7493 | AH85: =_xlfn.IFS(Table1[[#This Row],[Age]]<=25,"18-25",Table1[[#This Row],[Age]]<=35,"26-35",Table1[[#This Row],[Age]]<=45,"36-45",Table1[[#This Row],[Age]]<=55,"46-55",Table1[[#This Row],[Age]]<=65,"56-65") -> 18-25
A86: EMP10085 | B86: 37 | C86: Male | D86: Sales | E86: Manager | F86: High School | G86: Technical Degree | H86: 2 | I86: 9508 | J86: 93 | K86: No | L86: 1 | M86: 3 | N86: 3 | O86: 0 | P86: 0 | Q86: 0 | R86: 0 | S86: 9 | T86: 2 | U86: 3 | V86: Travel_Rarely | W86: 2 | X86: Single | Y86: 3 | Z86: No | AA86: 42828 | AC86: Kochi | AD86: Kerala | AE86: =COUNTBLANK(A86:AE86) -> 0 | AF86: =PROPER(UPPER(TRIM(Table1[[#This Row],[City]]))) -> Kochi | AG86: =IF(ISBLANK(I86),AVERAGE($I$2:$I$3001),I86) -> 9508 | AH86: =_xlfn.IFS(Table1[[#This Row],[Age]]<=25,"18-25",Table1[[#This Row],[Age]]<=35,"26-35",Table1[[#This Row],[Age]]<=45,"36-45",Table1[[#This Row],[Age]]<=55,"46-55",Table1[[#This Row],[Age]]<=65,"56-65") -> 36-45
A87: EMP10086 | B87: 60 | C87: Female | D87: Sales | E87: Manager | F87: High School | G87: Other | H87: 4 | I87: 11545 | J87: 60 | K87: Yes | L87: 2 | M87: 1 | N87: 2 | O87: 4 | P87: 0 | Q87: 0 | R87: 4 | S87: 29 | T87: 0 | U87: 3 | V87: Travel_Rarely | W87: 13 | X87: Married | Y87: 1 | Z87: No | AA87: 42761 | AC87: mumbai | AD87: Maharashtra | AE87: =COUNTBLANK(A87:AE87) -> 0 | AF87: =PROPER(UPPER(TRIM(Table1[[#This Row],[City]]))) -> Mumbai | AG87: =IF(ISBLANK(I87),AVERAGE($I$2:$I$3001),I87) -> 11545 | AH87: =_xlfn.IFS(Table1[[#This Row],[Age]]<=25,"18-25",Table1[[#This Row],[Age]]<=35,"26-35",Table1[[#This Row],[Age]]<=45,"36-45",Table1[[#This Row],[Age]]<=55,"46-55",Table1[[#This Row],[Age]]<=65,"56-65") -> 56-65
A88: EMP10087 | B88: 48 | C88: Male | D88: IT | E88: Developer | F88: Bachelor's | G88: Medical | H88: 2 | I88: 7951 | J88: 64 | K88: No | L88: 3 | M88: 4 | N88: 2 | O88: 1 | P88: 1 | Q88: 1 | R88: 0 | S88: 18 | T88: 0 | U88: 3 | V88: Travel_Rarely | W88: 24 | X88: Married | Y88: 3 | Z88: No | AA88: 44497 | AC88: Ahmedabad | AD88: Gujarat | AE88: =COUNTBLANK(A88:AE88) -> 0 | AF88: =PROPER(UPPER(TRIM(Table1[[#This Row],[City]]))) -> Ahmedabad | AG88: =IF(ISBLANK(I88),AVERAGE($I$2:$I$3001),I88) -> 7951 | AH88: =_xlfn.IFS(Table1[[#This Row],[Age]]<=25,"18-25",Table1[[#This Row],[Age]]<=35,"26-35",Table1[[#This Row],[Age]]<=45,"36-45",Table1[[#This Row],[Age]]<=55,"46-55",Table1[[#This Row],[Age]]<=65,"56-65") -> 46-55
A89: EMP10088 | B89: 40 | C89: Male | D89: Research & Development | E89: Laboratory Technician | F89: Master's | G89: Life Sciences | H89: 3 | I89: 9359 | J89: 87 | K89: No | L89: 2 | M89: 3 | N89: 4 | O89: 7 | P89: 1 | Q89: 4 | R89: 4 | S89: 18 | T89: 3 | U89: 4 | V89: Non-Travel | W89: 10 | X89: Married | Y89: 4 | Z89: Yes | AA89: 43886 | AB89: 44029 | AC89: Delhi | AD89: Delhi | AE89: =COUNTBLANK(A89:AE89) -> 0 | AF89: =PROPER(UPPER(TRIM(Table1[[#This Row],[City]]))) -> Delhi | AG89: =IF(ISBLANK(I89),AVERAGE($I$2:$I$3001),I89) -> 9359 | AH89: =_xlfn.IFS(Table1[[#This Row],[Age]]<=25,"18-25",Table1[[#This Row],[Age]]<=35,"26-35",Table1[[#This Row],[Age]]<=45,"36-45",Table1[[#This Row],[Age]]<=55,"46-55",Table1[[#This Row],[Age]]<=65,"56-65") -> 36-45
A90: EMP10089 | B90: 26 | C90: Male | D90: Sales | E90: Sales Representative | F90: Bachelor's | G90: Technical Degree | H90: 3 | I90: 7044 | J90: 64 | K90: No | L90: 3 | M90: 4 | N90: 3 | O90: 0 | P90: 0 | Q90: 0 | R90: 0 | S90: 0 | T90: 4 | U90: 4 | V90: Travel_Rarely | W90: 24 | X90: Single | Y90: 3 | Z90: Yes | AA90: 42134 | AB90: 44034 | AC90: Delhi | AD90: Delhi | AE90: =COUNTBLANK(A90:AE90) -> 0 | AF90: =PROPER(UPPER(TRIM(Table1[[#This Row],[City]]))) -> Delhi | AG90: =IF(ISBLANK(I90),AVERAGE($I$2:$I$3001),I90) -> 7044 | AH90: =_xlfn.IFS(Table1[[#This Row],[Age]]<=25,"18-25",Table1[[#This Row],[Age]]<=35,"26-35",Table1[[#This Row],[Age]]<=45,"36-45",Table1[[#This Row],[Age]]<=55,"46-55",Table1[[#This Row],[Age]]<=65,"56-65") -> 26-35
A91: EMP10090 | B91: 35 | C91: Female | D91: Research & Development | E91: Research Director | F91: Bachelor's | G91: Unknown | H91: 2 | I91: 6697 | J91: 38 | K91: No | L91: 1 | M91: 2 | N91: 3 | O91: 9 | P91: 4 | Q91: 1 | R91: 7 | S91: 11 | T91: 6 | U91: 4 | V91: Travel_Rarely | W91: 16 | X91: Married | Y91: 2 | Z91: No | AA91: 45544 | AC91: Hyderabad | AD91: Telangana | AE91: =COUNTBLANK(A91:AE91) -> 0 | AF91: =PROPER(UPPER(TRIM(Table1[[#This Row],[City]]))) -> Hyderabad | AG91: =IF(ISBLANK(I91),AVERAGE($I$2:$I$3001),I91) -> 6697 | AH91: =_xlfn.IFS(Table1[[#This Row],[Age]]<=25,"18-25",Table1[[#This Row],[Age]]<=35,"26-35",Table1[[#This Row],[Age]]<=45,"36-45",Table1[[#This Row],[Age]]<=55,"46-55",Table1[[#This Row],[Age]]<=65,"56-65") -> 26-35
A92: EMP10091 | B92: 41 | C92: Male | D92: Sales | E92: Sales Executive | F92: Master's | G92: Life Sciences | H92: 1 | I92: 6064 | J92: 107 | K92: Yes | L92: 1 | M92: 1 | N92: 3 | O92: 6 | P92: 2 | Q92: 4 | R92: 6 | S92: 19 | T92: 1 | U92: 3 | V92: Travel_Rarely | W92: 21 | X92: Single | Y92: 4 | Z92: No | AA92: 43393 | AC92: Coimbatore | AD92: Tamil Nadu | AE92: =COUNTBLANK(A92:AE92) -> 0 | AF92: =PROPER(UPPER(TRIM(Table1[[#This Row],[City]]))) -> Coimbatore | AG92: =IF(ISBLANK(I92),AVERAGE($I$2:$I$3001),I92) -> 6064 | AH92: =_xlfn.IFS(Table1[[#This Row],[Age]]<=25,"18-25",Table1[[#This Row],[Age]]<=35,"26-35",Table1[[#This Row],[Age]]<=45,"36-45",Table1[[#This Row],[Age]]<=55,"46-55",Table1[[#This Row],[Age]]<=65,"56-65") -> 36-45
A93: EMP10092 | B93: 31 | C93: Male | D93: Finance | E93: Finance Manager | F93: Bachelor's | G93: Human Resources | H93: 3 | I93: 8827 | J93: 63 | K93: No | L93: 3 | M93: 4 | N93: 1 | O93: 8 | P93: 0 | Q93: 5 | R93: 6 | S93: 8 | T93: 4 | U93: 3 | V93: Travel_Rarely | W93: 9 | X93: Single | Y93: 4 | Z93: No | AA93: 45595 | AC93: Hyderabad | AD93: Telangana | AE93: =COUNTBLANK(A93:AE93) -> 0 | AF93: =PROPER(UPPER(TRIM(Table1[[#This Row],[City]]))) -> Hyderabad | AG93: =IF(ISBLANK(I93),AVERAGE($I$2:$I$3001),I93) -> 8827 | AH93: =_xlfn.IFS(Table1[[#This Row],[Age]]<=25,"18-25",Table1[[#This Row],[Age]]<=35,"26-35",Table1[[#This Row],[Age]]<=45,"36-45",Table1[[#This Row],[Age]]<=55,"46-55",Table1[[#This Row],[Age]]<=65,"56-65") -> 26-35
A94: EMP10093 | B94: 49 | C94: Female | D94: Research & Development | E94: Research Scientist | F94: Bachelor's | G94: Marketing | H94: 3 | I94: 7670 | J94: 93 | K94: No | L94: 2 | M94: 1 | N94: 1 | O94: 0 | P94: 0 | Q94: 0 | R94: 0 | S94: 14 | T94: 0 | U94: 4 | V94: Travel_Frequently | W94: 13 | X94: Married | Y94: 2 | Z94: No | AA94: 43439 | AC94: Kochi | AD94: Kerala | AE94: =COUNTBLANK(A94:AE94) -> 0 | AF94: =PROPER(UPPER(TRIM(Table1[[#This Row],[City]]))) -> Kochi | AG94: =IF(ISBLANK(I94),AVERAGE($I$2:$I$3001),I94) -> 7670 | AH94: =_xlfn.IFS(Table1[[#This Row],[Age]]<=25,"18-25",Table1[[#This Row],[Age]]<=35,"26-35",Table1[[#This Row],[Age]]<=45,"36-45",Table1[[#This Row],[Age]]<=55,"46-55",Table1[[#This Row],[Age]]<=65,"56-65") -> 46-55
A95: EMP10094 | B95: 60 | C95: Female | D95: Research & Development | E95: Laboratory Technician | F95: Bachelor's | G95: Technical Degree | H95: 1 | I95: 6235 | J95: 92 | K95: No | L95: 3 | M95: 1 | N95: 1 | O95: 0 | P95: 0 | Q95: 0 | R95: 0 | S95: 32 | T95: 3 | U95: 3 | V95: Non-Travel | W95: 10 | X95: Single | Y95: 1 | Z95: No | AA95: 44834 | AC95: Mumbai | AD95: Maharashtra | AE95: =COUNTBLANK(A95:AE95) -> 0 | AF95: =PROPER(UPPER(TRIM(Table1[[#This Row],[City]]))) -> Mumbai | AG95: =IF(ISBLANK(I95),AVERAGE($I$2:$I$3001),I95) -> 6235 | AH95: =_xlfn.IFS(Table1[[#This Row],[Age]]<=25,"18-25",Table1[[#This Row],[Age]]<=35,"26-35",Table1[[#This Row],[Age]]<=45,"36-45",Table1[[#This Row],[Age]]<=55,"46-55",Table1[[#This Row],[Age]]<=65,"56-65") -> 56-65
A96: EMP10095 | B96: 29 | C96: Female | D96: Research & Development | E96: Research Scientist | F96: Bachelor's | G96: Human Resources | H96: 3 | I96: 9559 | J96: 48 | K96: No | L96: 2 | M96: 1 | N96: 2 | O96: 2 | P96: 2 | Q96: 1 | R96: 1 | S96: 2 | T96: 1 | U96: 4 | V96: Travel_Rarely | W96: 13 | X96: Married | Y96: 4 | Z96: No | AA96: 45874 | AC96: Delhi | AD96: Delhi | AE96: =COUNTBLANK(A96:AE96) -> 0 | AF96: =PROPER(UPPER(TRIM(Table1[[#This Row],[City]]))) -> Delhi | AG96: =IF(ISBLANK(I96),AVERAGE($I$2:$I$3001),I96) -> 9559 | AH96: =_xlfn.IFS(Table1[[#This Row],[Age]]<=25,"18-25",Table1[[#This Row],[Age]]<=35,"26-35",Table1[[#This Row],[Age]]<=45,"36-45",Table1[[#This Row],[Age]]<=55,"46-55",Table1[[#This Row],[Age]]<=65,"56-65") -> 26-35
A97: EMP10096 | B97: 31 | C97: Male | D97: Finance | E97: Finance Manager | F97: Master's | G97: Marketing | H97: 2 | I97: 7479 | J97: 109 | K97: Yes | L97: 1 | M97: 1 | N97: 3 | O97: 2 | P97: 0 | Q97: 1 | R97: 2 | S97: 9 | T97: 1 | U97: 3 | V97: Travel_Rarely | W97: 29 | X97: Married | Y97: 4 | Z97: No | AA97: 45389 | AC97: Delhi | AD97: Delhi | AE97: =COUNTBLANK(A97:AE97) -> 0 | AF97: =PROPER(UPPER(TRIM(Table1[[#This Row],[City]]))) -> Delhi | AG97: =IF(ISBLANK(I97),AVERAGE($I$2:$I$3001),I97) -> 7479 | AH97: =_xlfn.IFS(Table1[[#This Row],[Age]]<=25,"18-25",Table1[[#This Row],[Age]]<=35,"26-35",Table1[[#This Row],[Age]]<=45,"36-45",Table1[[#This Row],[Age]]<=55,"46-55",Table1[[#This Row],[Age]]<=65,"56-65") -> 26-35
A98: EMP10097 | B98: 26 | C98: Male | D98: Research & Development | E98: Research Director | F98: Bachelor's | G98: Technical Degree | H98: 2 | I98: 7771 | J98: 118 | K98: Yes | L98: 3 | M98: 3 | N98: 2 | O98: 0 | P98: 0 | Q98: 0 | R98: 0 | S98: 8 | T98: 2 | U98: 3 | V98: Travel_Rarely | W98: 4 | X98: Married | Y98: 4 | Z98: Yes | AA98: 44777 | AB98: 45740 | AC98: Chennai | AD98: Tamil Nadu | AE98: =COUNTBLANK(A98:AE98) -> 0 | AF98: =PROPER(UPPER(TRIM(Table1[[#This Row],[City]]))) -> Chennai | AG98: =IF(ISBLANK(I98),AVERAGE($I$2:$I$3001),I98) -> 7771 | AH98: =_xlfn.IFS(Table1[[#This Row],[Age]]<=25,"18-25",Table1[[#This Row],[Age]]<=35,"26-35",Table1[[#This Row],[Age]]<=45,"36-45",Table1[[#This Row],[Age]]<=55,"46-55",Table1[[#This Row],[Age]]<=65,"56-65") -> 26-35
A99: EMP10098 | B99: 50 | C99: Male | D99: Sales | E99: Manager | F99: Bachelor's | G99: Technical Degree | H99: 3 | I99: 8908 | J99: 91 | K99: No | L99: 1 | M99: 1 | N99: 1 | O99: 4 | P99: 4 | Q99: 0 | R99: 0 | S99: 21 | T99: 3 | U99: 3 | V99: Travel_Rarely | W99: 27 | X99: Single | Y99: 4 | Z99: No | AA99: 44154 | AC99: Kochi | AD99: Kerala | AE99: =COUNTBLANK(A99:AE99) -> 0 | AF99: =PROPER(UPPER(TRIM(Table1[[#This Row],[City]]))) -> Kochi | AG99: =IF(ISBLANK(I99),AVERAGE($I$2:$I$3001),I99) -> 8908 | AH99: =_xlfn.IFS(Table1[[#This Row],[Age]]<=25,"18-25",Table1[[#This Row],[Age]]<=35,"26-35",Table1[[#This Row],[Age]]<=45,"36-45",Table1[[#This Row],[Age]]<=55,"46-55",Table1[[#This Row],[Age]]<=65,"56-65") -> 46-55
A100: EMP10099 | B100: 39 | C100: Female | D100: Sales | E100: Manager | F100: Bachelor's | G100: Technical Degree | H100: 2 | I100: 8543 | J100: 105 | K100: No | L100: 4 | M100: 4 | N100: 2 | O100: 6 | P100: 6 | Q100: 0 | R100: 1 | S100: 24 | T100: 0 | U100: 4 | V100: Travel_Rarely | W100: 28 | X100: Single | Y100: 2 | Z100: No | AA100: 45264 | AC100: Kolkata | AD100: West Bengal | AE100: =COUNTBLANK(A100:AE100) -> 0 | AF100: =PROPER(UPPER(TRIM(Table1[[#This Row],[City]]))) -> Kolkata | AG100: =IF(ISBLANK(I100),AVERAGE($I$2:$I$3001),I100) -> 8543 | AH100: =_xlfn.IFS(Table1[[#This Row],[Age]]<=25,"18-25",Table1[[#This Row],[Age]]<=35,"26-35",Table1[[#This Row],[Age]]<=45,"36-45",Table1[[#This Row],[Age]]<=55,"46-55",Table1[[#This Row],[Age]]<=65,"56-65") -> 36-45
A101: EMP10100 | B101: 32 | C101: Male | D101: Operations | E101: Operations Manager | F101: Doctorate | G101: Human Resources | H101: 3 | I101: 8765 | J101: 83 | K101: Yes | L101: 1 | M101: 4 | N101: 1 | O101: 4 | P101: 4 | Q101: 0 | R101: 4 | S101: 12 | T101: 4 | U101: 3 | V101: Travel_Rarely | W101: 1 | X101: Married | Y101: 1 | Z101: No | AA101: 45844 | AC101: Kochi | AD101: Kerala | AE101: =COUNTBLANK(A101:AE101) -> 0 | AF101: =PROPER(UPPER(TRIM(Table1[[#This Row],[City]]))) -> Kochi | AG101: =IF(ISBLANK(I101),AVERAGE($I$2:$I$3001),I101) -> 8765 | AH101: =_xlfn.IFS(Table1[[#This Row],[Age]]<=25,"18-25",Table1[[#This Row],[Age]]<=35,"26-35",Table1[[#This Row],[Age]]<=45,"36-45",Table1[[#This Row],[Age]]<=55,"46-55",Table1[[#This Row],[Age]]<=65,"56-65") -> 26-35
A102: EMP10101 | B102: 29 | C102: Male | D102: Operations | E102: Operations Manager | F102: Bachelor's | G102: Marketing | H102: 3 | I102: 10073 | J102: 54 | K102: No | L102: 4 | M102: 1 | N102: 2 | O102: 6 | P102: 5 | Q102: 0 | R102: 3 | S102: 6 | T102: 2 | U102: 4 | V102: Travel_Rarely | W102: 13 | X102: Single | Y102: 2 | Z102: No | AA102: 44013 | AC102: Bengaluru | AD102: Karnataka | AE102: =COUNTBLANK(A102:AE102) -> 0 | AF102: =PROPER(UPPER(TRIM(Table1[[#This Row],[City]]))) -> Bengaluru | AG102: =IF(ISBLANK(I102),AVERAGE($I$2:$I$3001),I102) -> 10073 | AH102: =_xlfn.IFS(Table1[[#This Row],[Age]]<=25,"18-25",Table1[[#This Row],[Age]]<=35,"26-35",Table1[[#This Row],[Age]]<=45,"36-45",Table1[[#This Row],[Age]]<=55,"46-55",Table1[[#This Row],[Age]]<=65,"56-65") -> 26-35
A103: EMP10102 | B103: 23 | C103: Male | D103: Finance | E103: Finance Manager | F103: Bachelor's | G103: Technical Degree | H103: 1 | I103: 4713 | J103: 46 | K103: Yes | L103: 2 | M103: 4 | N103: 3 | O103: 6 | P103: 1 | Q103: 4 | R103: 3 | S103: 6 | T103: 6 | U103: 3 | V103: Travel_Rarely | W103: 19 | X103: Single | Y103: 2 | Z103: Yes | AA103: 45358 | AB103: 45584 | AC103: Coimbatore | AD103: Tamil Nadu | AE103: =COUNTBLANK(A103:AE103) -> 0 | AF103: =PROPER(UPPER(TRIM(Table1[[#This Row],[City]]))) -> Coimbatore | AG103: =IF(ISBLANK(I103),AVERAGE($I$2:$I$3001),I103) -> 4713 | AH103: =_xlfn.IFS(Table1[[#This Row],[Age]]<=25,"18-25",Table1[[#This Row],[Age]]<=35,"26-35",Table1[[#This Row],[Age]]<=45,"36-45",Table1[[#This Row],[Age]]<=55,"46-55",Table1[[#This Row],[Age]]<=65,"56-65") -> 18-25
A104: EMP10103 | B104: 40 | C104: Female | D104: Research & Development | E104: Laboratory Technician | F104: Bachelor's | G104: Technical Degree | H104: 2 | I104: 5602 | J104: 114 | K104: No | L104: 4 | M104: 1 | N104: 2 | O104: 6 | P104: 6 | Q104: 4 | R104: 3 | S104: 15 | T104: 4 | U104: 3 | V104: Travel_Rarely | W104: 9 | X104: Married | Y104: 2 | Z104: No | AA104: 42030 | AC104: Bengaluru | AD104: Karnataka | AE104: =COUNTBLANK(A104:AE104) -> 0 | AF104: =PROPER(UPPER(TRIM(Table1[[#This Row],[City]]))) -> Bengaluru | AG104: =IF(ISBLANK(I104),AVERAGE($I$2:$I$3001),I104) -> 5602 | AH104: =_xlfn.IFS(Table1[[#This Row],[Age]]<=25,"18-25",Table1[[#This Row],[Age]]<=35,"26-35",Table1[[#This Row],[Age]]<=45,"36-45",Table1[[#This Row],[Age]]<=55,"46-55",Table1[[#This Row],[Age]]<=65,"56-65") -> 36-45
A105: EMP10104 | B105: 48 | C105: Female | D105: Operations | E105: Operations Manager | F105: Master's | G105: Life Sciences | H105: 2 | I105: 8649 | J105: 88 | K105: No | L105: 1 | M105: 2 | N105: 1 | O105: 10 | P105: 0 | Q105: 1 | R105: 2 | S105: 20 | T105: 6 | U105: 3 | V105: Travel_Frequently | W105: 5 | X105: Single | Y105: 4 | Z105: Yes | AA105: 44645 | AB105: 45677 | AC105: Coimbatore | AD105: Tamil Nadu | AE105: =COUNTBLANK(A105:AE105) -> 0 | AF105: =PROPER(UPPER(TRIM(Table1[[#This Row],[City]]))) -> Coimbatore | AG105: =IF(ISBLANK(I105),AVERAGE($I$2:$I$3001),I105) -> 8649 | AH105: =_xlfn.IFS(Table1[[#This Row],[Age]]<=25,"18-25",Table1[[#This Row],[Age]]<=35,"26-35",Table1[[#This Row],[Age]]<=45,"36-45",Table1[[#This Row],[Age]]<=55,"46-55",Table1[[#This Row],[Age]]<=65,"56-65") -> 46-55
A106: EMP10105 | B106: 30 | C106: Male | D106: IT | E106: IT Manager | F106: Master's | G106: Medical | H106: 1 | I106: 4696 | J106: 71 | K106: No | L106: 2 | M106: 3 | N106: 1 | O106: 5 | P106: 0 | Q106: 1 | R106: 3 | S106: 9 | T106: 0 | U106: 3 | V106: Travel_Rarely | W106: 12 | X106: Married | Y106: 4 | Z106: No | AA106: 45850 | AC106: Mumbai | AD106: Maharashtra | AE106: =COUNTBLANK(A106:AE106) -> 0 | AF106: =PROPER(UPPER(TRIM(Table1[[#This Row],[City]]))) -> Mumbai | AG106: =IF(ISBLANK(I106),AVERAGE($I$2:$I$3001),I106) -> 4696 | AH106: =_xlfn.IFS(Table1[[#This Row],[Age]]<=25,"18-25",Table1[[#This Row],[Age]]<=35,"26-35",Table1[[#This Row],[Age]]<=45,"36-45",Table1[[#This Row],[Age]]<=55,"46-55",Table1[[#This Row],[Age]]<=65,"56-65") -> 26-35
A107: EMP10106 | B107: 21 | C107: Female | D107: Finance | E107: Finance Manager | F107: Master's | G107: Life Sciences | H107: 3 | I107: 7861 | J107: 104 | K107: No | L107: 2 | M107: 1 | N107: 2 | O107: 0 | P107: 0 | Q107: 0 | R107: 0 | S107: 0 | T107: 3 | U107: 3 | V107: Non-Travel | W107: 24 | X107: Single | Y107: 1 | Z107: No | AA107: 42945 | AC107: Ahmedabad | AD107: Gujarat | AE107: =COUNTBLANK(A107:AE107) -> 0 | AF107: =PROPER(UPPER(TRIM(Table1[[#This Row],[City]]))) -> Ahmedabad | AG107: =IF(ISBLANK(I107),AVERAGE($I$2:$I$3001),I107) -> 7861 | AH107: =_xlfn.IFS(Table1[[#This Row],[Age]]<=25,"18-25",Table1[[#This Row],[Age]]<=35,"26-35",Table1[[#This Row],[Age]]<=45,"36-45",Table1[[#This Row],[Age]]<=55,"46-55",Table1[[#This Row],[Age]]<=65,"56-65") -> 18-25
A108: EMP10107 | B108: 39 | C108: Female | D108: Research & Development | E108: Research Scientist | F108: Bachelor's | G108: Medical | H108: 1 | I108: 4282 | J108: 78 | K108: Yes | L108: 1 | M108: 1 | N108: 1 | O108: 8 | P108: 4 | Q108: 1 | R108: 0 | S108: 15 | T108: 5 | U108: 3 | V108: Non-Travel | W108: 15 | X108: Single | Y108: 4 | Z108: No | AA108: 45249 | AC108: Delhi | AD108: Delhi | AE108: =COUNTBLANK(A108:AE108) -> 0 | AF108: =PROPER(UPPER(TRIM(Table1[[#This Row],[City]]))) -> Delhi | AG108: =IF(ISBLANK(I108),AVERAGE($I$2:$I$3001),I108) -> 4282 | AH108: =_xlfn.IFS(Table1[[#This Row],[Age]]<=25,"18-25",Table1[[#This Row],[Age]]<=35,"26-35",Table1[[#This Row],[Age]]<=45,"36-45",Table1[[#This Row],[Age]]<=55,"46-55",Table1[[#This Row],[Age]]<=65,"56-65") -> 36-45
A109: EMP10108 | B109: 48 | C109: Male | D109: Research & Development | E109: Research Director | F109: Bachelor's | G109: Marketing | H109: 4 | I109: 12945 | J109: 66 | K109: No | L109: 2 | M109: 1 | N109: 4 | O109: 7 | P109: 0 | Q109: 5 | R109: 5 | S109: 18 | T109: 1 | U109: 4 | V109: Travel_Rarely | W109: 26 | X109: Divorced | Y109: 2 | Z109: No | AA109: 45062 | AC109: chennai | AD109: Tamil Nadu | AE109: =COUNTBLANK(A109:AE109) -> 0 | AF109: =PROPER(UPPER(TRIM(Table1[[#This Row],[City]]))) -> Chennai | AG109: =IF(ISBLANK(I109),AVERAGE($I$2:$I$3001),I109) -> 12945 | AH109: =_xlfn.IFS(Table1[[#This Row],[Age]]<=25,"18-25",Table1[[#This Row],[Age]]<=35,"26-35",Table1[[#This Row],[Age]]<=45,"36-45",Table1[[#This Row],[Age]]<=55,"46-55",Table1[[#This Row],[Age]]<=65,"56-65") -> 46-55
A110: EMP10109 | B110: 34 | C110: Male | D110: Sales | E110: Sales Representative | F110: Master's | G110: Other | H110: 2 | I110: 6646 | J110: 30 | K110: No | L110: 1 | M110: 3 | N110: 1 | O110: 1 | P110: 0 | Q110: 1 | R110: 1 | S110: 3 | T110: 1 | U110: 3 | V110: Travel_Frequently | W110: 12 | X110: Married | Y110: 1 | Z110: No | AA110: 42610 | AC110: Ahmedabad | AD110: Gujarat | AE110: =COUNTBLANK(A110:AE110) -> 0 | AF110: =PROPER(UPPER(TRIM(Table1[[#This Row],[City]]))) -> Ahmedabad | AG110: =IF(ISBLANK(I110),AVERAGE($I$2:$I$3001),I110) -> 6646 | AH110: =_xlfn.IFS(Table1[[#This Row],[Age]]<=25,"18-25",Table1[[#This Row],[Age]]<=35,"26-35",Table1[[#This Row],[Age]]<=45,"36-45",Table1[[#This Row],[Age]]<=55,"46-55",Table1[[#This Row],[Age]]<=65,"56-65") -> 26-35
A111: EMP10110 | B111: 31 | C111: Female | D111: Operations | E111: Operations Coordinator | F111: Bachelor's | G111: Other | H111: 2 | I111: 8368 | J111: 109 | K111: Yes | L111: 2 | M111: 1 | N111: 1 | O111: 5 | P111: 4 | Q111: 0 | R111: 0 | S111: 13 | T111: 4 | U111: 3 | V111: Travel_Rarely | W111: 20 | X111: Single | Y111: 2 | Z111: No | AA111: 45521 | AC111: Delhi | AD111: Delhi | AE111: =COUNTBLANK(A111:AE111) -> 0 | AF111: =PROPER(UPPER(TRIM(Table1[[#This Row],[City]]))) -> Delhi | AG111: =IF(ISBLANK(I111),AVERAGE($I$2:$I$3001),I111) -> 8368 | AH111: =_xlfn.IFS(Table1[[#This Row],[Age]]<=25,"18-25",Table1[[#This Row],[Age]]<=35,"26-35",Table1[[#This Row],[Age]]<=45,"36-45",Table1[[#This Row],[Age]]<=55,"46-55",Table1[[#This Row],[Age]]<=65,"56-65") -> 26-35
A112: EMP10111 | B112: 27 | C112: Male | D112: Research & Development | E112: Research Director | F112: Doctorate | G112: Human Resources | H112: 4 | I112: 9942 | J112: 31 | K112: No | L112: 2 | M112: 1 | N112: 3 | O112: 4 | P112: 0 | Q112: 4 | R112: 2 | S112: 4 | T112: 0 | U112: 4 | V112: Travel_Rarely | W112: 24 | X112: Single | Y112: 1 | Z112: No | AA112: 44428 | AC112: Ahmedabad | AD112: Gujarat | AE112: =COUNTBLANK(A112:AE112) -> 0 | AF112: =PROPER(UPPER(TRIM(Table1[[#This Row],[City]]))) -> Ahmedabad | AG112: =IF(ISBLANK(I112),AVERAGE($I$2:$I$3001),I112) -> 9942 | AH112: =_xlfn.IFS(Table1[[#This Row],[Age]]<=25,"18-25",Table1[[#This Row],[Age]]<=35,"26-35",Table1[[#This Row],[Age]]<=45,"36-45",Table1[[#This Row],[Age]]<=55,"46-55",Table1[[#This Row],[Age]]<=65,"56-65") -> 26-35
A113: EMP10112 | B113: 50 | C113: Male | D113: Sales | E113: Sales Representative | F113: Bachelor's | G113: Technical Degree | H113: 2 | I113: 7160 | J113: 57 | K113: Yes | L113: 1 | M113: 1 | N113: 3 | O113: 3 | P113: 1 | Q113: 0 | R113: 3 | S113: 21 | T113: 6 | U113: 3 | V113: Travel_Rarely | W113: 21 | X113: Married | Y113: 1 | Z113: No | AA113: 43928 | AC113: Chennai | AD113: Tamil Nadu | AE113: =COUNTBLANK(A113:AE113) -> 0 | AF113: =PROPER(UPPER(TRIM(Table1[[#This Row],[City]]))) -> Chennai | AG113: =IF(ISBLANK(I113),AVERAGE($I$2:$I$3001),I113) -> 7160 | AH113: =_xlfn.IFS(Table1[[#This Row],[Age]]<=25,"18-25",Table1[[#This Row],[Age]]<=35,"26-35",Table1[[#This Row],[Age]]<=45,"36-45",Table1[[#This Row],[Age]]<=55,"46-55",Table1[[#This Row],[Age]]<=65,"56-65") -> 46-55
...

Sheet Departments
A1: DepartmentID | B1: Department
A2: D01 | B2: Sales
A3: D02 | B3: Research & Development
A4: D03 | B4: Human Resources
A5: D04 | B5: Finance
A6: D05 | B6: IT
A7: D06 | B7: Operations

Sheet JobRoles
A1: JobRoleID | B1: JobRole
A2: JR001 | B2: Developer
A3: JR002 | B3: Finance Analyst
A4: JR003 | B4: Finance Manager
A5: JR004 | B5: Human Resources
A6: JR005 | B6: IT Manager
A7: JR006 | B7: IT Support
A8: JR007 | B8: Laboratory Technician
A9: JR008 | B9: Logistics Specialist
A10: JR009 | B10: Manager
A11: JR010 | B11: Operations Coordinator
A12: JR011 | B12: Operations Manager
... A16: JR015 | B16: Sales Representative

Sheet SalaryHistory
A1: EmployeeID | B1: HireDate | C1: MonthlyIncome | D1: JobLevel | E1: SalaryEffectiveDate | F1: SalaryBand | G1: MonthlyIncome_Clean | H1: Salary Band clear | I1: Attrition
A2: EMP11779 | B2: 44491 | C2: 11996 | D2: 4 | E2: 44491 | F2: Upper-Mid | G2: =IFERROR(VLOOKUP(Table4[[#This Row],[EmployeeID]],Employees!$A:$AG,33,FALSE),"") -> 11996 | H2: =_xlfn.IFS( Table4[[#This Row],[MonthlyIncome_Clean]]<=2980,"Lower", Table4[[#This Row],[MonthlyIncome_Clean]]<=5000,"Lower Mid", Table4[[#This Row],[MonthlyIncome_Clean]]<=8000,"Mid", Table4[[#This Row],[MonthlyIncome_Clean]]<=11996,"Upper Mid", Table4[[#This Row],[MonthlyIncome_Clean]]<=16000,"High" ) -> Upper Mid | I2: =IFERROR(VLOOKUP(A2,Table1[#All],26,FALSE),"") -> No
A3: EMP11649 | B3: 44683 | C3: 8000 | D3: 2 | E3: 44683 | F3: Mid | G3: =IFERROR(VLOOKUP(Table4[[#This Row],[EmployeeID]],Employees!$A:$AG,33,FALSE),"") -> 8000 | H3: =_xlfn.IFS( Table4[[#This Row],[MonthlyIncome_Clean]]<=2980,"Lower", Table4[[#This Row],[MonthlyIncome_Clean]]<=5000,"Lower Mid", Table4[[#This Row],[MonthlyIncome_Clean]]<=8000,"Mid", Table4[[#This Row],[MonthlyIncome_Clean]]<=11996,"Upper Mid", Table4[[#This Row],[MonthlyIncome_Clean]]<=16000,"High" ) -> Mid | I3: =IFERROR(VLOOKUP(A3,Table1[#All],26,FALSE),"") -> No
A4: EMP12628 | B4: 44311 | C4: 7997 | D4: 2 | E4: 44311 | F4: Mid | G4: =IFERROR(VLOOKUP(Table4[[#This Row],[EmployeeID]],Employees!$A:$AG,33,FALSE),"") -> 7997 | H4: =_xlfn.IFS( Table4[[#This Row],[MonthlyIncome_Clean]]<=2980,"Lower", Table4[[#This Row],[MonthlyIncome_Clean]]<=5000,"Lower Mid", Table4[[#This Row],[MonthlyIncome_Clean]]<=8000,"Mid", Table4[[#This Row],[MonthlyIncome_Clean]]<=11996,"Upper Mid", Table4[[#This Row],[MonthlyIncome_Clean]]<=16000,"High" ) -> Mid | I4: =IFERROR(VLOOKUP(A4,Table1[#All],26,FALSE),"") -> No
A5: EMP11942 | B5: 46017 | C5: 11996 | D5: 4 | E5: 46017 | F5: Upper-Mid | G5: =IFERROR(VLOOKUP(Table4[[#This Row],[EmployeeID]],Employees!$A:$AG,33,FALSE),"") -> 11996 | H5: =_xlfn.IFS( Table4[[#This Row],[MonthlyIncome_Clean]]<=2980,"Lower", Table4[[#This Row],[MonthlyIncome_Clean]]<=5000,"Lower Mid", Table4[[#This Row],[MonthlyIncome_Clean]]<=8000,"Mid", Table4[[#This Row],[MonthlyIncome_Clean]]<=11996,"Upper Mid", Table4[[#This Row],[MonthlyIncome_Clean]]<=16000,"High" ) -> Upper Mid | I5: =IFERROR(VLOOKUP(A5,Table1[#All],26,FALSE),"") -> No
A6: EMP12843 | B6: 43511 | C6: 7995 | D6: 2 | E6: 43511 | F6: Mid | G6: =IFERROR(VLOOKUP(Table4[[#This Row],[EmployeeID]],Employees!$A:$AG,33,FALSE),"") -> 7995 | H6: =_xlfn.IFS( Table4[[#This Row],[MonthlyIncome_Clean]]<=2980,"Lower", Table4[[#This Row],[MonthlyIncome_Clean]]<=5000,"Lower Mid", Table4[[#This Row],[MonthlyIncome_Clean]]<=8000,"Mid", Table4[[#This Row],[MonthlyIncome_Clean]]<=11996,"Upper Mid", Table4[[#This Row],[MonthlyIncome_Clean]]<=16000,"High" ) -> Mid | I6: =IFERROR(VLOOKUP(A6,Table1[#All],26,FALSE),"") -> No
A7: EMP10626 | B7: 45696 | C7: 11994 | D7: 4 | E7: 45696 | F7: Upper-Mid | G7: =IFERROR(VLOOKUP(Table4[[#This Row],[EmployeeID]],Employees!$A:$AG,33,FALSE),"") -> 11994 | H7: =_xlfn.IFS( Table4[[#This Row],[MonthlyIncome_Clean]]<=2980,"Lower", Table4[[#This Row],[MonthlyIncome_Clean]]<=5000,"Lower Mid", Table4[[#This Row],[MonthlyIncome_Clean]]<=8000,"Mid", Table4[[#This Row],[MonthlyIncome_Clean]]<=11996,"Upper Mid", Table4[[#This Row],[MonthlyIncome_Clean]]<=16000,"High" ) -> Upper Mid | I7: =IFERROR(VLOOKUP(A7,Table1[#All],26,FALSE),"") -> No
A8: EMP11806 | B8: 43014 | C8: 7992 | D8: 3 | E8: 43014 | F8: Mid | G8: =IFERROR(VLOOKUP(Table4[[#This Row],[EmployeeID]],Employees!$A:$AG,33,FALSE),"") -> 7992 | H8: =_xlfn.IFS( Table4[[#This Row],[MonthlyIncome_Clean]]<=2980,"Lower", Table4[[#This Row],[MonthlyIncome_Clean]]<=5000,"Lower Mid", Table4[[#This Row],[MonthlyIncome_Clean]]<=8000,"Mid", Table4[[#This Row],[MonthlyIncome_Clean]]<=11996,"Upper Mid", Table4[[#This Row],[MonthlyIncome_Clean]]<=16000,"High" ) -> Mid | I8: =IFERROR(VLOOKUP(A8,Table1[#All],26,FALSE),"") -> No
A9: EMP11091 | B9: 43620 | C9: 11994 | D9: 4 | E9: 43620 | F9: Upper-Mid | G9: =IFERROR(VLOOKUP(Table4[[#This Row],[EmployeeID]],Employees!$A:$AG,33,FALSE),"") -> 11994 | H9: =_xlfn.IFS( Table4[[#This Row],[MonthlyIncome_Clean]]<=2980,"Lower", Table4[[#This Row],[MonthlyIncome_Clean]]<=5000,"Lower Mid", Table4[[#This Row],[MonthlyIncome_Clean]]<=8000,"Mid", Table4[[#This Row],[MonthlyIncome_Clean]]<=11996,"Upper Mid", Table4[[#This Row],[MonthlyIncome_Clean]]<=16000,"High" ) -> Upper Mid | I9: =IFERROR(VLOOKUP(A9,Table1[#All],26,FALSE),"") -> No
A10: EMP12749 | B10: 45275 | C10: 7991 | D10: 2 | E10: 45275 | F10: Mid | G10: =IFERROR(VLOOKUP(Table4[[#This Row],[EmployeeID]],Employees!$A:$AG,33,FALSE),"") -> 7991 | H10: =_xlfn.IFS( Table4[[#This Row],[MonthlyIncome_Clean]]<=2980,"Lower", Table4[[#This Row],[MonthlyIncome_Clean]]<=5000,"Lower Mid", Table4[[#This Row],[MonthlyIncome_Clean]]<=8000,"Mid", Table4[[#This Row],[MonthlyIncome_Clean]]<=11996,"Upper Mid", Table4[[#This Row],[MonthlyIncome_Clean]]<=16000,"High" ) -> Mid | I10: =IFERROR(VLOOKUP(A10,Table1[#All],26,FALSE),"") -> Yes
A11: EMP12527 | B11: 44639 | C11: 7989 | D11: 3 | E11: 44639 | F11: Mid | G11: =IFERROR(VLOOKUP(Table4[[#This Row],[EmployeeID]],Employees!$A:$AG,33,FALSE),"") -> 7989 | H11: =_xlfn.IFS( Table4[[#This Row],[MonthlyIncome_Clean]]<=2980,"Lower", Table4[[#This Row],[MonthlyIncome_Clean]]<=5000,"Lower Mid", Table4[[#This Row],[MonthlyIncome_Clean]]<=8000,"Mid", Table4[[#This Row],[MonthlyIncome_Clean]]<=11996,"Upper Mid", Table4[[#This Row],[MonthlyIncome_Clean]]<=16000,"High" ) -> Mid | I11: =IFERROR(VLOOKUP(A11,Table1[#All],26,FALSE),"") -> No
A12: EMP10128 | B12: 45346 | C12: 7988 | D12: 2 | E12: 45346 | F12: Mid | G12: =IFERROR(VLOOKUP(Table4[[#This Row],[EmployeeID]],Employees!$A:$AG,33,FALSE),"") -> 7988 | H12: =_xlfn.IFS( Table4[[#This Row],[MonthlyIncome_Clean]]<=2980,"Lower", Table4[[#This Row],[MonthlyIncome_Clean]]<=5000,"Lower Mid", Table4[[#This Row],[MonthlyIncome_Clean]]<=8000,"Mid", Table4[[#This Row],[MonthlyIncome_Clean]]<=11996,"Upper Mid", Table4[[#This Row],[MonthlyIncome_Clean]]<=16000,"High" ) -> Mid | I12: =IFERROR(VLOOKUP(A12,Table1[#All],26,FALSE),"") -> No
A13: EMP12413 | B13: 45060 | C13: 7984 | D13: 2 | E13: 45060 | F13: Mid | G13: =IFERROR(VLOOKUP(Table4[[#This Row],[EmployeeID]],Employees!$A:$AG,33,FALSE),"") -> 7984 | H13: =_xlfn.IFS( Table4[[#This Row],[MonthlyIncome_Clean]]<=2980,"Lower", Table4[[#This Row],[MonthlyIncome_Clean]]<=5000,"Lower Mid", Table4[[#This Row],[MonthlyIncome_Clean]]<=8000,"Mid", Table4[[#This Row],[MonthlyIncome_Clean]]<=11996,"Upper Mid", Table4[[#This Row],[MonthlyIncome_Clean]]<=16000,"High" ) -> Mid | I13: =IFERROR(VLOOKUP(A13,Table1[#All],26,FALSE),"") -> No
... A182: EMP11585 | B182: 42208 | C182: 7875 | D182: 2 | E182: 42208 | F182: Mid | G182: =IFERROR(VLOOKUP(Table4[[#This Row],[EmployeeID]],Employees!$A:$AG,33,FALSE),"") -> 7875 | H182: =_xlfn.IFS( Table4[[#This Row],[MonthlyIncome_Clean]]<=2980,"Lower", Table4[[#This Row],[MonthlyIncome_Clean]]<=5000,"Lower Mid", Table4[[#This Row],[MonthlyIncome_Clean]]<=8000,"Mid", Table4[[#This Row],[MonthlyIncome_Clean]]<=11996,"Upper Mid", Table4[[#This Row],[MonthlyIncome_Clean]]<=16000,"High" ) -> Mid | I182: =IFERROR(VLOOKUP(A182,Table1[#All],26,FALSE),"") -> No
A183: EMP10182 | B183: 43037 | D183: 1 | E183: 43037 | G183: =IFERROR(VLOOKUP(Table4[[#This Row],[EmployeeID]],Employees!$A:$AG,33,FALSE),"") -> 8287.5378 | H183: =_xlfn.IFS( Table4[[#This Row],[MonthlyIncome_Clean]]<=2980,"Lower", Table4[[#This Row],[MonthlyIncome_Clean]]<=5000,"Lower Mid", Table4[[#This Row],[MonthlyIncome_Clean]]<=8000,"Mid", Table4[[#This Row],[MonthlyIncome_Clean]]<=11996,"Upper Mid", Table4[[#This Row],[MonthlyIncome_Clean]]<=16000,"High" ) -> Upper Mid | I183: =IFERROR(VLOOKUP(A183,Table1[#All],26,FALSE),"") -> No
A184: EMP10652 | B184: 43270 | C184: 7874 | D184: 2 | E184: 43270 | F184: Mid | G184: =IFERROR(VLOOKUP(Table4[[#This Row],[EmployeeID]],Employees!$A:$AG,33,FALSE),"") -> 7874 | H184: =_xlfn.IFS( Table4[[#This Row],[MonthlyIncome_Clean]]<=2980,"Lower", Table4[[#This Row],[MonthlyIncome_Clean]]<=5000,"Lower Mid", Table4[[#This Row],[MonthlyIncome_Clean]]<=8000,"Mid", Table4[[#This Row],[MonthlyIncome_Clean]]<=11996,"Upper Mid", Table4[[#This Row],[MonthlyIncome_Clean]]<=16000,"High" ) -> Mid | I184: =IFERROR(VLOOKUP(A184,Table1[#All],26,FALSE),"") -> Yes
A185: EMP12854 | B185: 44840 | C185: 11476 | D185: 4 | E185: 44840 | F185: Upper-Mid | G185: =IFERROR(VLOOKUP(Table4[[#This Row],[EmployeeID]],Employees!$A:$AG,33,FALSE),"") -> 11476 | H185: =_xlfn.IFS( Table4[[#This Row],[MonthlyIncome_Clean]]<=2980,"Lower", Table4[[#This Row],[MonthlyIncome_Clean]]<=5000,"Lower Mid", Table4[[#This Row],[MonthlyIncome_Clean]]<=8000,"Mid", Table4[[#This Row],[MonthlyIncome_Clean]]<=11996,"Upper Mid", Table4[[#This Row],[MonthlyIncome_Clean]]<=16000,"High" ) -> Upper Mid | I185: =IFERROR(VLOOKUP(A185,Table1[#All],26,FALSE),"") -> No
A186: EMP11352 | B186: 42744 | C186: 7873 | D186: 3 | E186: 42744 | F186: Mid | G186: =IFERROR(VLOOKUP(Table4[[#This Row],[EmployeeID]],Employees!$A:$AG,33,FALSE),"") -> 7873 | H186: =_xlfn.IFS( Table4[[#This Row],[MonthlyIncome_Clean]]<=2980,"Lower", Table4[[#This Row],[MonthlyIncome_Clean]]<=5000,"Lower Mid", Table4[[#This Row],[MonthlyIncome_Clean]]<=8000,"Mid", Table4[[#This Row],[MonthlyIncome_Clean]]<=11996,"Upper Mid", Table4[[#This Row],[MonthlyIncome_Clean]]<=16000,"High" ) -> Mid | I186: =IFERROR(VLOOKUP(A186,Table1[#All],26,FALSE),"") -> Yes
A187: EMP10981 | B187: 42469 | C187: 7872 | D187: 3 | E187: 42469 | F187: Mid | G187: =IFERROR(VLOOKUP(Table4[[#This Row],[EmployeeID]],Employees!$A:$AG,33,FALSE),"") -> 7872 | H187: =_xlfn.IFS( Table4[[#This Row],[MonthlyIncome_Clean]]<=2980,"Lower", Table4[[#This Row],[MonthlyIncome_Clean]]<=5000,"Lower Mid", Table4[[#This Row],[MonthlyIncome_Clean]]<=8000,"Mid", Table4[[#This Row],[MonthlyIncome_Clean]]<=11996,"Upper Mid", Table4[[#This Row],[MonthlyIncome_Clean]]<=16000,"High" ) -> Mid | I187: =IFERROR(VLOOKUP(A187,Table1[#All],26,FALSE),"") -> No
A188: EMP11943 | B188: 44403 | C188: 7866 | D188: 3 | E188: 44403 | F188: Mid | G188: =IFERROR(VLOOKUP(Table4[[#This Row],[EmployeeID]],Employees!$A:$AG,33,FALSE),"") -> 7866 | H188: =_xlfn.IFS( Table4[[#This Row],[MonthlyIncome_Clean]]<=2980,"Lower", Table4[[#This Row],[MonthlyIncome_Clean]]<=5000,"Lower Mid", Table4[[#This Row],[MonthlyIncome_Clean]]<=8000,"Mid", Table4[[#This Row],[MonthlyIncome_Clean]]<=11996,"Upper Mid", Table4[[#This Row],[MonthlyIncome_Clean]]<=16000,"High" ) -> Mid | I188: =IFERROR(VLOOKUP(A188,Table1[#All],26,FALSE),"") -> No
A189: EMP11046 | B189: 44096 | C189: 7864 | D189: 2 | E189: 44096 | F189: Mid | G189: =IFERROR(VLOOKUP(Table4[[#This Row],[EmployeeID]],Employees!$A:$AG,33,FALSE),"") -> 7864 | H189: =_xlfn.IFS( Table4[[#This Row],[MonthlyIncome_Clean]]<=2980,"Lower", Table4[[#This Row],[MonthlyIncome_Clean]]<=5000,"Lower Mid", Table4[[#This Row],[MonthlyIncome_Clean]]<=8000,"Mid", Table4[[#This Row],[MonthlyIncome_Clean]]<=11996,"Upper Mid", Table4[[#This Row],[MonthlyIncome_Clean]]<=16000,"High" ) -> Mid | I189: =IFERROR(VLOOKUP(A189,Table1[#All],26,FALSE),"") -> No
A190: EMP12457 | B190: 43887 | C190: 7864 | D190: 3 | E190: 43887 | F190: Mid | G190: =IFERROR(VLOOKUP(Table4[[#This Row],[EmployeeID]],Employees!$A:$AG,33,FALSE),"") -> 7864 | H190: =_xlfn.IFS( Table4[[#This Row],[MonthlyIncome_Clean]]<=2980,"Lower", Table4[[#This Row],[MonthlyIncome_Clean]]<=5000,"Lower Mid", Table4[[#This Row],[MonthlyIncome_Clean]]<=8000,"Mid", Table4[[#This Row],[MonthlyIncome_Clean]]<=11996,"Upper Mid", Table4[[#This Row],[MonthlyIncome_Clean]]<=16000,"High" ) -> Mid | I190: =IFERROR(VLOOKUP(A190,Table1[#All],26,FALSE),"") -> No
A191: EMP12593 | B191: 45176 | C191: 4925 | D191: 1 | E191: 45176 | F191: Lower-Mid | G191: =IFERROR(VLOOKUP(Table4[[#This Row],[EmployeeID]],Employees!$A:$AG,33,FALSE),"") -> 4925 | H191: =_xlfn.IFS( Table4[[#This Row],[MonthlyIncome_Clean]]<=2980,"Lower", Table4[[#This Row],[MonthlyIncome_Clean]]<=5000,"Lower Mid", Table4[[#This Row],[MonthlyIncome_Clean]]<=8000,"Mid", Table4[[#This Row],[MonthlyIncome_Clean]]<=11996,"Upper Mid", Table4[[#This Row],[MonthlyIncome_Clean]]<=16000,"High" ) -> Lower Mid | I191: =IFERROR(VLOOKUP(A191,Table1[#All],26,FALSE),"") -> No
A192: EMP12756 | B192: 42751 | C192: 4918 | D192: 1 | E192: 42751 | F192: Lower-Mid | G192: =IFERROR(VLOOKUP(Table4[[#This Row],[EmployeeID]],Employees!$A:$AG,33,FALSE),"") -> 4918 | H192: =_xlfn.IFS( Table4[[#This Row],[MonthlyIncome_Clean]]<=2980,"Lower", Table4[[#This Row],[MonthlyIncome_Clean]]<=5000,"Lower Mid", Table4[[#This Row],[MonthlyIncome_Clean]]<=8000,"Mid", Table4[[#This Row],[MonthlyIncome_Clean]]<=11996,"Upper Mid", Table4[[#This Row],[MonthlyIncome_Clean]]<=16000,"High" ) -> Lower Mid | I192: =IFERROR(VLOOKUP(A192,Table1[#All],26,FALSE),"") -> No
A193: EMP12524 | B193: 45168 | C193: 11467 | D193: 3 | E193: 45168 | F193: Upper-Mid | G193: =IFERROR(VLOOKUP(Table4[[#This Row],[EmployeeID]],Employees!$A:$AG,33,FALSE),"") -> 11467 | H193: =_xlfn.IFS( Table4[[#This Row],[MonthlyIncome_Clean]]<=2980,"Lower", Table4[[#This Row],[MonthlyIncome_Clean]]<=5000,"Lower Mid", Table4[[#This Row],[MonthlyIncome_Clean]]<=8000,"Mid", Table4[[#This Row],[MonthlyIncome_Clean]]<=11996,"Upper Mid", Table4[[#This Row],[MonthlyIncome_Clean]]<=16000,"High" ) -> Upper Mid | I193: =IFERROR(VLOOKUP(A193,Table1[#All],26,FALSE),"") -> No
A194: EMP12827 | B194: 43164 | C194: 7863 | D194: 2 | E194: 43164 | F194: Mid | G194: =IFERROR(VLOOKUP(Table4[[#This Row],[EmployeeID]],Employees!$A:$AG,33,FALSE),"") -> 7863 | H194: =_xlfn.IFS( Table4[[#This Row],[MonthlyIncome_Clean]]<=2980,"Lower", Table4[[#This Row],[MonthlyIncome_Clean]]<=5000,"Lower Mid", Table4[[#This Row],[MonthlyIncome_Clean]]<=8000,"Mid", Table4[[#This Row],[MonthlyIncome_Clean]]<=11996,"Upper Mid", Table4[[#This Row],[MonthlyIncome_Clean]]<=16000,"High" ) -> Mid | I194: =IFERROR(VLOOKUP(A194,Table1[#All],26,FALSE),"") -> No
A195: EMP10106 | B195: 42945 | C195: 7861 | D195: 3 | E195: 42945 | F195: Mid | G195: =IFERROR(VLOOKUP(Table4[[#This Row],[EmployeeID]],Employees!$A:$AG,33,FALSE),"") -> 7861 | H195: =_xlfn.IFS( Table4[[#This Row],[MonthlyIncome_Clean]]<=2980,"Lower", Table4[[#This Row],[MonthlyIncome_Clean]]<=5000,"Lower Mid", Table4[[#This Row],[MonthlyIncome_Clean]]<=8000,"Mid", Table4[[#This Row],[MonthlyIncome_Clean]]<=11996,"Upper Mid", Table4[[#This Row],[MonthlyIncome_Clean]]<=16000,"High" ) -> Mid | I195: =IFERROR(VLOOKUP(A195,Table1[#All],26,FALSE),"") -> No
... A667: EMP12557 | B667: 45581 | C667: 10541 | D667: 4 | E667: 45581 | F667: Upper-Mid | G667: =IFERROR(VLOOKUP(Table4[[#This Row],[EmployeeID]],Employees!$A:$AG,33,FALSE),"") -> 10541 | H667: =_xlfn.IFS( Table4[[#This Row],[MonthlyIncome_Clean]]<=2980,"Lower", Table4[[#This Row],[MonthlyIncome_Clean]]<=5000,"Lower Mid", Table4[[#This Row],[MonthlyIncome_Clean]]<=8000,"Mid", Table4[[#This Row],[MonthlyIncome_Clean]]<=11996,"Upper Mid", Table4[[#This Row],[MonthlyIncome_Clean]]<=16000,"High" ) -> Upper Mid | I667: =IFERROR(VLOOKUP(A667,Table1[#All],26,FALSE),"") -> No
A668: EMP10667 | B668: 42063 | D668: 2 | E668: 42063 | G668: =IFERROR(VLOOKUP(Table4[[#This Row],[EmployeeID]],Employees!$A:$AG,33,FALSE),"") -> 8287.5378 | H668: =_xlfn.IFS( Table4[[#This Row],[MonthlyIncome_Clean]]<=2980,"Lower", Table4[[#This Row],[MonthlyIncome_Clean]]<=5000,"Lower Mid", Table4[[#This Row],[MonthlyIncome_Clean]]<=8000,"Mid", Table4[[#This Row],[MonthlyIncome_Clean]]<=11996,"Upper Mid", Table4[[#This Row],[MonthlyIncome_Clean]]<=16000,"High" ) -> Upper Mid | I668: =IFERROR(VLOOKUP(A668,Table1[#All],26,FALSE),"") -> No
A669: EMP11996 | B669: 43045 | C669: 10533 | D669: 3 | E669: 43045 | F669: Upper-Mid | G669: =IFERROR(VLOOKUP(Table4[[#This Row],[EmployeeID]],Employees!$A:$AG,33,FALSE),"") -> 10533 | H669: =_xlfn.IFS( Table4[[#This Row],[MonthlyIncome_Clean]]<=2980,"Lower", Table4[[#This Row],[MonthlyIncome_Clean]]<=5000,"Lower Mid", Table4[[#This Row],[MonthlyIncome_Clean]]<=8000,"Mid", Table4[[#This Row],[MonthlyIncome_Clean]]<=11996,"Upper Mid", Table4[[#This Row],[MonthlyIncome_Clean]]<=16000,"High" ) -> Upper Mid | I669: =IFERROR(VLOOKUP(A669,Table1[#All],26,FALSE),"") -> No
A670: EMP12646 | B670: 44082 | C670: 7437 | D670: 2 | E670: 44082 | F670: Mid | G670: =IFERROR(VLOOKUP(Table4[[#This Row],[EmployeeID]],Employees!$A:$AG,33,FALSE),"") -> 7437 | H670: =_xlfn.IFS( Table4[[#This Row],[MonthlyIncome_Clean]]<=2980,"Lower", Table4[[#This Row],[MonthlyIncome_Clean]]<=5000,"Lower Mid", Table4[[#This Row],[MonthlyIncome_Clean]]<=8000,"Mid", Table4[[#This Row],[MonthlyIncome_Clean]]<=11996,"Upper Mid", Table4[[#This Row],[MonthlyIncome_Clean]]<=16000,"High" ) -> Mid | I670: =IFERROR(VLOOKUP(A670,Table1[#All],26,FALSE),"") -> No
A671: EMP12159 | B671: 45104 | C671: 10532 | D671: 3 | E671: 45104 | F671: Upper-Mid | G671: =IFERROR(VLOOKUP(Table4[[#This Row],[EmployeeID]],Employees!$A:$AG,33,FALSE),"") -> 10532 | H671: =_xlfn.IFS( Table4[[#This Row],[MonthlyIncome_Clean]]<=2980,"Lower", Table4[[#This Row],[MonthlyIncome_Clean]]<=5000,"Lower Mid", Table4[[#This Row],[MonthlyIncome_Clean]]<=8000,"Mid", Table4[[#This Row],[MonthlyIncome_Clean]]<=11996,"Upper Mid", Table4[[#This Row],[MonthlyIncome_Clean]]<=16000,"High" ) -> Upper Mid | I671: =IFERROR(VLOOKUP(A671,Table1[#All],26,FALSE),"") -> No
A672: EMP11229 | B672: 43382 | C672: 10529 | D672: 4 | E672: 43382 | F672: Upper-Mid | G672: =IFERROR(VLOOKUP(Table4[[#This Row],[EmployeeID]],Employees!$A:$AG,33,FALSE),"") -> 10529 | H672: =_xlfn.IFS( Table4[[#This Row],[MonthlyIncome_Clean]]<=2980,"Lower", Table4[[#This Row],[MonthlyIncome_Clean]]<=5000,"Lower Mid", Table4[[#This Row],[MonthlyIncome_Clean]]<=8000,"Mid", Table4[[#This Row],[MonthlyIncome_Clean]]<=11996,"Upper Mid", Table4[[#This Row],[MonthlyIncome_Clean]]<=16000,"High" ) -> Upper Mid | I672: =IFERROR(VLOOKUP(A672,Table1[#All],26,FALSE),"") -> No
A673: EMP11880 | B673: 42451 | C673: 10529 | D673: 4 | E673: 42451 | F673: Upper-Mid | G673: =IFERROR(VLOOKUP(Table4[[#This Row],[EmployeeID]],Employees!$A:$AG,33,FALSE),"") -> 10529 | H673: =_xlfn.IFS( Table4[[#This Row],[MonthlyIncome_Clean]]<=2980,"Lower", Table4[[#This Row],[MonthlyIncome_Clean]]<=5000,"Lower Mid", Table4[[#This Row],[MonthlyIncome_Clean]]<=8000,"Mid", Table4[[#This Row],[MonthlyIncome_Clean]]<=11996,"Upper Mid", Table4[[#This Row],[MonthlyIncome_Clean]]<=16000,"High" ) -> Upper Mid | I673: =IFERROR(VLOOKUP(A673,Table1[#All],26,FALSE),"") -> No
A674: EMP12321 | B674: 45435 | C674: 10516 | D674: 3 | E674: 45435 | F674: Upper-Mid | G674: =IFERROR(VLOOKUP(Table4[[#This Row],[EmployeeID]],Employees!$A:$AG,33,FALSE),"") -> 10516 | H674: =_xlfn.IFS( Table4[[#This Row],[MonthlyIncome_Clean]]<=2980,"Lower", Table4[[#This Row],[MonthlyIncome_Clean]]<=5000,"Lower Mid", Table4[[#This Row],[MonthlyIncome_Clean]]<=8000,"Mid", Table4[[#This Row],[MonthlyIncome_Clean]]<=11996,"Upper Mid", Table4[[#This Row],[MonthlyIncome_Clean]]<=16000,"High" ) -> Upper Mid | I674: =IFERROR(VLOOKUP(A674,Table1[#All],26,FALSE),"") -> No
A675: EMP10280 | B675: 45960 | C675: 7434 | D675: 2 | E675: 45960 | F675: Mid | G675: =IFERROR(VLOOKUP(Table4[[#This Row],[EmployeeID]],Employees!$A:$AG,33,FALSE),"") -> 7434 | H675: =_xlfn.IFS( Table4[[#This Row],[MonthlyIncome_Clean]]<=2980,"Lower", Table4[[#This Row],[MonthlyIncome_Clean]]<=5000,"Lower Mid", Table4[[#This Row],[MonthlyIncome_Clean]]<=8000,"Mid", Table4[[#This Row],[MonthlyIncome_Clean]]<=11996,"Upper Mid", Table4[[#This Row],[MonthlyIncome_Clean]]<=16000,"High" ) -> Mid | I675: =IFERROR(VLOOKUP(A675,Table1[#All],26,FALSE),"") -> No
A676: EMP12561 | B676: 42860 | C676: 7432 | D676: 2 | E676: 42860 | F676: Mid | G676: =IFERROR(VLOOKUP(Table4[[#This Row],[EmployeeID]],Employees!$A:$AG,33,FALSE),"") -> 7432 | H676: =_xlfn.IFS( Table4[[#This Row],[MonthlyIncome_Clean]]<=2980,"Lower", Table4[[#This Row],[MonthlyIncome_Clean]]<=5000,"Lower Mid", Table4[[#This Row],[MonthlyIncome_Clean]]<=8000,"Mid", Table4[[#This Row],[MonthlyIncome_Clean]]<=11996,"Upper Mid", Table4[[#This Row],[MonthlyIncome_Clean]]<=16000,"High" ) -> Mid | I676: =IFERROR(VLOOKUP(A676,Table1[#All],26,FALSE),"") -> No
A677: EMP10646 | B677: 44615 | C677: 7430 | D677: 3 | E677: 44615 | F677: Mid | G677: =IFERROR(VLOOKUP(Table4[[#This Row],[EmployeeID]],Employees!$A:$AG,33,FALSE),"") -> 7430 | H677: =_xlfn.IFS( Table4[[#This Row],[MonthlyIncome_Clean]]<=2980,"Lower", Table4[[#This Row],[MonthlyIncome_Clean]]<=5000,"Lower Mid", Table4[[#This Row],[MonthlyIncome_Clean]]<=8000,"Mid", Table4[[#This Row],[MonthlyIncome_Clean]]<=11996,"Upper Mid", Table4[[#This Row],[MonthlyIncome_Clean]]<=16000,"High" ) -> Mid | I677: =IFERROR(VLOOKUP(A677,Table1[#All],26,FALSE),"") -> No
A678: EMP12252 | B678: 43008 | C678: 10511 | D678: 3 | E678: 43008 | F678: Upper-Mid | G678: =IFERROR(VLOOKUP(Table4[[#This Row],[EmployeeID]],Employees!$A:$AG,33,FALSE),"") -> 10511 | H678: =_xlfn.IFS( Table4[[#This Row],[MonthlyIncome_Clean]]<=2980,"Lower", Table4[[#This Row],[MonthlyIncome_Clean]]<=5000,"Lower Mid", Table4[[#This Row],[MonthlyIncome_Clean]]<=8000,"Mid", Table4[[#This Row],[MonthlyIncome_Clean]]<=11996,"Upper Mid", Table4[[#This Row],[MonthlyIncome_Clean]]<=16000,"High" ) -> Upper Mid | I678: =IFERROR(VLOOKUP(A678,Table1[#All],26,FALSE),"") -> No
A679: EMP11514 | B679: 45488 | C679: 10504 | D679: 3 | E679: 45488 | F679: Upper-Mid | G679: =IFERROR(VLOOKUP(Table4[[#This Row],[EmployeeID]],Employees!$A:$AG,33,FALSE),"") -> 10504 | H679: =_xlfn.IFS( Table4[[#This Row],[MonthlyIncome_Clean]]<=2980,"Lower", Table4[[#This Row],[MonthlyIncome_Clean]]<=5000,"Lower Mid", Table4[[#This Row],[MonthlyIncome_Clean]]<=8000,"Mid", Table4[[#This Row],[MonthlyIncome_Clean]]<=11996,"Upper Mid", Table4[[#This Row],[MonthlyIncome_Clean]]<=16000,"High" ) -> Upper Mid | I679: =IFERROR(VLOOKUP(A679,Table1[#All],26,FALSE),"") -> No
A680: EMP11526 | B680: 42464 | C680: 7429 | D680: 3 | E680: 42464 | F680: Mid | G680: =IFERROR(VLOOKUP(Table4[[#This Row],[EmployeeID]],Employees!$A:$AG,33,FALSE),"") -> 7429 | H680: =_xlfn.IFS( Table4[[#This Row],[MonthlyIncome_Clean]]<=2980,"Lower", Table4[[#This Row],[MonthlyIncome_Clean]]<=5000,"Lower Mid", Table4[[#This Row],[MonthlyIncome_Clean]]<=8000,"Mid", Table4[[#This Row],[MonthlyIncome_Clean]]<=11996,"Upper Mid", Table4[[#This Row],[MonthlyIncome_Clean]]<=16000,"High" ) -> Mid | I680: =IFERROR(VLOOKUP(A680,Table1[#All],26,FALSE),"") -> No
... A863: EMP11264 | B863: 42838 | C863: 7297 | D863: 2 | E863: 42838 | F863: Mid | G863: =IFERROR(VLOOKUP(Table4[[#This Row],[EmployeeID]],Employees!$A:$AG,33,FALSE),"") -> 7297 | H863: =_xlfn.IFS( Table4[[#This Row],[MonthlyIncome_Clean]]<=2980,"Lower", Table4[[#This Row],[MonthlyIncome_Clean]]<=5000,"Lower Mid", Table4[[#This Row],[MonthlyIncome_Clean]]<=8000,"Mid", Table4[[#This Row],[MonthlyIncome_Clean]]<=11996,"Upper Mid", Table4[[#This Row],[MonthlyIncome_Clean]]<=16000,"High" ) -> Mid | I863: =IFERROR(VLOOKUP(A863,Table1[#All],26,FALSE),"") -> No
A864: EMP10863 | B864: 44626 | D864: 4 | E864: 44626 | G864: =IFERROR(VLOOKUP(Table4[[#This Row],[EmployeeID]],Employees!$A:$AG,33,FALSE),"") -> 8287.5378 | H864: =_xlfn.IFS( Table4[[#This Row],[MonthlyIncome_Clean]]<=2980,"Lower", Table4[[#This Row],[MonthlyIncome_Clean]]<=5000,"Lower Mid", Table4[[#This Row],[MonthlyIncome_Clean]]<=8000,"Mid", Table4[[#This Row],[MonthlyIncome_Clean]]<=11996,"Upper Mid", Table4[[#This Row],[MonthlyIncome_Clean]]<=16000,"High" ) -> Upper Mid | I864: =IFERROR(VLOOKUP(A864,Table1[#All],26,FALSE),"") -> No
A865: EMP11524 | B865: 45058 | C865: 10189 | D865: 3 | E865: 45058 | F865: Upper-Mid | G865: =IFERROR(VLOOKUP(Table4[[#This Row],[EmployeeID]],Employees!$A:$AG,33,FALSE),"") -> 10189 | H865: =_xlfn.IFS( Table4[[#This Row],[MonthlyIncome_Clean]]<=2980,"Lower", Table4[[#This Row],[MonthlyIncome_Clean]]<=5000,"Lower Mid", Table4[[#This Row],[MonthlyIncome_Clean]]<=8000,"Mid", Table4[[#This Row],[MonthlyIncome_Clean]]<=11996,"Upper Mid", Table4[[#This Row],[MonthlyIncome_Clean]]<=16000,"High" ) -> Upper Mid | I865: =IFERROR(VLOOKUP(A865,Table1[#All],26,FALSE),"") -> No
A866: EMP12537 | B866: 42598 | C866: 7297 | D866: 2 | E866: 42598 | F866: Mid | G866: =IFERROR(VLOOKUP(Table4[[#This Row],[EmployeeID]],Employees!$A:$AG,33,FALSE),"") -> 7297 | H866: =_xlfn.IFS( Table4[[#This Row],[MonthlyIncome_Clean]]<=2980,"Lower", Table4[[#This Row],[MonthlyIncome_Clean]]<=5000,"Lower Mid", Table4[[#This Row],[MonthlyIncome_Clean]]<=8000,"Mid", Table4[[#This Row],[MonthlyIncome_Clean]]<=11996,"Upper Mid", Table4[[#This Row],[MonthlyIncome_Clean]]<=16000,"High" ) -> Mid | I866: =IFERROR(VLOOKUP(A866,Table1[#All],26,FALSE),"") -> No
A867: EMP10794 | B867: 45006 | C867: 10188 | D867: 4 | E867: 45006 | F867: Upper-Mid | G867: =IFERROR(VLOOKUP(Table4[[#This Row],[EmployeeID]],Employees!$A:$AG,33,FALSE),"") -> 10188 | H867: =_xlfn.IFS( Table4[[#This Row],[MonthlyIncome_Clean]]<=2980,"Lower", Table4[[#This Row],[MonthlyIncome_Clean]]<=5000,"Lower Mid", Table4[[#This Row],[MonthlyIncome_Clean]]<=8000,"Mid", Table4[[#This Row],[MonthlyIncome_Clean]]<=11996,"Upper Mid", Table4[[#This Row],[MonthlyIncome_Clean]]<=16000,"High" ) -> Upper Mid | I867: =IFERROR(VLOOKUP(A867,Table1[#All],26,FALSE),"") -> No
A868: EMP11055 | B868: 44218 | C868: 10188 | D868: 3 | E868: 44218 | F868: Upper-Mid | G868: =IFERROR(VLOOKUP(Table4[[#This Row],[EmployeeID]],Employees!$A:$AG,33,FALSE),"") -> 10188 | H868: =_xlfn.IFS( Table4[[#This Row],[MonthlyIncome_Clean]]<=2980,"Lower", Table4[[#This Row],[MonthlyIncome_Clean]]<=5000,"Lower Mid", Table4[[#This Row],[MonthlyIncome_Clean]]<=8000,"Mid", Table4[[#This Row],[MonthlyIncome_Clean]]<=11996,"Upper Mid", Table4[[#This Row],[MonthlyIncome_Clean]]<=16000,"High" ) -> Upper Mid | I868: =IFERROR(VLOOKUP(A868,Table1[#All],26,FALSE),"") -> No
A869: EMP10374 | B869: 45548 | C869: 12975 | D869: 4 | E869: 45548 | F869: High | G869: =IFERROR(VLOOKUP(Table4[[#This Row],[EmployeeID]],Employees!$A:$AG,33,FALSE),"") -> 12975 | H869: =_xlfn.IFS( Table4[[#This Row],[MonthlyIncome_Clean]]<=2980,"Lower", Table4[[#This Row],[MonthlyIncome_Clean]]<=5000,"Lower Mid", Table4[[#This Row],[MonthlyIncome_Clean]]<=8000,"Mid", Table4[[#This Row],[MonthlyIncome_Clean]]<=11996,"Upper Mid", Table4[[#This Row],[MonthlyIncome_Clean]]<=16000,"High" ) -> High | I869: =IFERROR(VLOOKUP(A869,Table1[#All],26,FALSE),"") -> No
A870: EMP11058 | B870: 42429 | C870: 10187 | D870: 3 | E870: 42429 | F870: Upper-Mid | G870: =IFERROR(VLOOKUP(Table4[[#This Row],[EmployeeID]],Employees!$A:$AG,33,FALSE),"") -> 10187 | H870: =_xlfn.IFS( Table4[[#This Row],[MonthlyIncome_Clean]]<=2980,"Lower", Table4[[#This Row],[MonthlyIncome_Clean]]<=5000,"Lower Mid", Table4[[#This Row],[MonthlyIncome_Clean]]<=8000,"Mid", Table4[[#This Row],[MonthlyIncome_Clean]]<=11996,"Upper Mid", Table4[[#This Row],[MonthlyIncome_Clean]]<=16000,"High" ) -> Upper Mid | I870: =IFERROR(VLOOKUP(A870,Table1[#All],26,FALSE),"") -> No
A871: EMP10708 | B871: 42800 | C871: 10186 | D871: 4 | E871: 42800 | F871: Upper-Mid | G871: =IFERROR(VLOOKUP(Table4[[#This Row],[EmployeeID]],Employees!$A:$AG,33,FALSE),"") -> 10186 | H871: =_xlfn.IFS( Table4[[#This Row],[MonthlyIncome_Clean]]<=2980,"Lower", Table4[[#This Row],[MonthlyIncome_Clean]]<=5000,"Lower Mid", Table4[[#This Row],[MonthlyIncome_Clean]]<=8000,"Mid", Table4[[#This Row],[MonthlyIncome_Clean]]<=11996,"Upper Mid", Table4[[#This Row],[MonthlyIncome_Clean]]<=16000,"High" ) -> Upper Mid | I871: =IFERROR(VLOOKUP(A871,Table1[#All],26,FALSE),"") -> No
A872: EMP11911 | B872: 45473 | C872: 10173 | D872: 4 | E872: 45473 | F872: Upper-Mid | G872: =IFERROR(VLOOKUP(Table4[[#This Row],[EmployeeID]],Employees!$A:$AG,33,FALSE),"") -> 10173 | H872: =_xlfn.IFS( Table4[[#This Row],[MonthlyIncome_Clean]]<=2980,"Lower", Table4[[#This Row],[MonthlyIncome_Clean]]<=5000,"Lower Mid", Table4[[#This Row],[MonthlyIncome_Clean]]<=8000,"Mid", Table4[[#This Row],[MonthlyIncome_Clean]]<=11996,"Upper Mid", Table4[[#This Row],[MonthlyIncome_Clean]]<=16000,"High" ) -> Upper Mid | I872: =IFERROR(VLOOKUP(A872,Table1[#All],26,FALSE),"") -> No
A873: EMP10188 | B873: 45245 | C873: 7294 | D873: 2 | E873: 45245 | F873: Mid | G873: =IFERROR(VLOOKUP(Table4[[#This Row],[EmployeeID]],Employees!$A:$AG,33,FALSE),"") -> 7294 | H873: =_xlfn.IFS( Table4[[#This Row],[MonthlyIncome_Clean]]<=2980,"Lower", Table4[[#This Row],[MonthlyIncome_Clean]]<=5000,"Lower Mid", Table4[[#This Row],[MonthlyIncome_Clean]]<=8000,"Mid", Table4[[#This Row],[MonthlyIncome_Clean]]<=11996,"Upper Mid", Table4[[#This Row],[MonthlyIncome_Clean]]<=16000,"High" ) -> Mid | I873: =IFERROR(VLOOKUP(A873,Table1[#All],26,FALSE),"") -> No
A874: EMP12958 | B874: 43588 | C874: 10172 | D874: 4 | E874: 43588 | F874: Upper-Mid | G874: =IFERROR(VLOOKUP(Table4[[#This Row],[EmployeeID]],Employees!$A:$AG,33,FALSE),"") -> 10172 | H874: =_xlfn.IFS( Table4[[#This Row],[MonthlyIncome_Clean]]<=2980,"Lower", Table4[[#This Row],[MonthlyIncome_Clean]]<=5000,"Lower Mid", Table4[[#This Row],[MonthlyIncome_Clean]]<=8000,"Mid", Table4[[#This Row],[MonthlyIncome_Clean]]<=11996,"Upper Mid", Table4[[#This Row],[MonthlyIncome_Clean]]<=16000,"High" ) -> Upper Mid | I874: =IFERROR(VLOOKUP(A874,Table1[#All],26,FALSE),"") -> No
A875: EMP10005 | B875: 42989 | C875: 7293 | D875: 1 | E875: 42989 | F875: Mid | G875: =IFERROR(VLOOKUP(Table4[[#This Row],[EmployeeID]],Employees!$A:$AG,33,FALSE),"") -> 7293 | H875: =_xlfn.IFS( Table4[[#This Row],[MonthlyIncome_Clean]]<=2980,"Lower", Table4[[#This Row],[MonthlyIncome_Clean]]<=5000,"Lower Mid", Table4[[#This Row],[MonthlyIncome_Clean]]<=8000,"Mid", Table4[[#This Row],[MonthlyIncome_Clean]]<=11996,"Upper Mid", Table4[[#This Row],[MonthlyIncome_Clean]]<=16000,"High" ) -> Mid | I875: =IFERROR(VLOOKUP(A875,Table1[#All],26,FALSE),"") -> Yes
A876: EMP10976 | B876: 44330 | C876: 7291 | D876: 3 | E876: 44330 | F876: Mid | G876: =IFERROR(VLOOKUP(Table4[[#This Row],[EmployeeID]],Employees!$A:$AG,33,FALSE),"") -> 7291 | H876: =_xlfn.IFS( Table4[[#This Row],[MonthlyIncome_Clean]]<=2980,"Lower", Table4[[#This Row],[MonthlyIncome_Clean]]<=5000,"Lower Mid", Table4[[#This Row],[MonthlyIncome_Clean]]<=8000,"Mid", Table4[[#This Row],[MonthlyIncome_Clean]]<=11996,"Upper Mid", Table4[[#This Row],[MonthlyIncome_Clean]]<=16000,"High" ) -> Mid | I876: =IFERROR(VLOOKUP(A876,Table1[#All],26,FALSE),"") -> No
... A912: EMP10824 | B912: 44357 | C912: 7259 | D912: 2 | E912: 44357 | F912: Mid | G912: =IFERROR(VLOOKUP(Table4[[#This Row],[EmployeeID]],Employees!$A:$AG,33,FALSE),"") -> 7259 | H912: =_xlfn.IFS( Table4[[#This Row],[MonthlyIncome_Clean]]<=2980,"Lower", Table4[[#This Row],[MonthlyIncome_Clean]]<=5000,"Lower Mid", Table4[[#This Row],[MonthlyIncome_Clean]]<=8000,"Mid", Table4[[#This Row],[MonthlyIncome_Clean]]<=11996,"Upper Mid", Table4[[#This Row],[MonthlyIncome_Clean]]<=16000,"High" ) -> Mid | I912: =IFERROR(VLOOKUP(A912,Table1[#All],26,FALSE),"") -> No
A913: EMP10912 | B913: 43123 | D913: 1 | E913: 43123 | G913: =IFERROR(VLOOKUP(Table4[[#This Row],[EmployeeID]],Employees!$A:$AG,33,FALSE),"") -> 8287.5378 | H913: =_xlfn.IFS( Table4[[#This Row],[MonthlyIncome_Clean]]<=2980,"Lower", Table4[[#This Row],[MonthlyIncome_Clean]]<=5000,"Lower Mid", Table4[[#This Row],[MonthlyIncome_Clean]]<=8000,"Mid", Table4[[#This Row],[MonthlyIncome_Clean]]<=11996,"Upper Mid", Table4[[#This Row],[MonthlyIncome_Clean]]<=16000,"High" ) -> Upper Mid | I913: =IFERROR(VLOOKUP(A913,Table1[#All],26,FALSE),"") -> No
A914: EMP11228 | B914: 45722 | C914: 7257 | D914: 1 | E914: 45722 | F914: Mid | G914: =IFERROR(VLOOKUP(Table4[[#This Row],[EmployeeID]],Employees!$A:$AG,33,FALSE),"") -> 7257 | H914: =_xlfn.IFS( Table4[[#This Row],[MonthlyIncome_Clean]]<=2980,"Lower", Table4[[#This Row],[MonthlyIncome_Clean]]<=5000,"Lower Mid", Table4[[#This Row],[MonthlyIncome_Clean]]<=8000,"Mid", Table4[[#This Row],[MonthlyIncome_Clean]]<=11996,"Upper Mid", Table4[[#This Row],[MonthlyIncome_Clean]]<=16000,"High" ) -> Mid | I914: =IFERROR(VLOOKUP(A914,Table1[#All],26,FALSE),"") -> No
A915: EMP10063 | B915: 42026 | C915: 10092 | D915: 3 | E915: 42026 | F915: Upper-Mid | G915: =IFERROR(VLOOKUP(Table4[[#This Row],[EmployeeID]],Employees!$A:$AG,33,FALSE),"") -> 10092 | H915: =_xlfn.IFS( Table4[[#This Row],[MonthlyIncome_Clean]]<=2980,"Lower", Table4[[#This Row],[MonthlyIncome_Clean]]<=5000,"Lower Mid", Table4[[#This Row],[MonthlyIncome_Clean]]<=8000,"Mid", Table4[[#This Row],[MonthlyIncome_Clean]]<=11996,"Upper Mid", Table4[[#This Row],[MonthlyIncome_Clean]]<=16000,"High" ) -> Upper Mid | I915: =IFERROR(VLOOKUP(A915,Table1[#All],26,FALSE),"") -> No
A916: EMP11892 | B916: 44578 | C916: 7257 | D916: 2 | E916: 44578 | F916: Mid | G916: =IFERROR(VLOOKUP(Table4[[#This Row],[EmployeeID]],Employees!$A:$AG,33,FALSE),"") -> 7257 | H916: =_xlfn.IFS( Table4[[#This Row],[MonthlyIncome_Clean]]<=2980,"Lower", Table4[[#This Row],[MonthlyIncome_Clean]]<=5000,"Lower Mid", Table4[[#This Row],[MonthlyIncome_Clean]]<=8000,"Mid", Table4[[#This Row],[MonthlyIncome_Clean]]<=11996,"Upper Mid", Table4[[#This Row],[MonthlyIncome_Clean]]<=16000,"High" ) -> Mid | I916: =IFERROR(VLOOKUP(A916,Table1[#All],26,FALSE),"") -> No
A917: EMP10490 | B917: 45595 | C917: 7254 | D917: 2 | E917: 45595 | F917: Mid | G917: =IFERROR(VLOOKUP(Table4[[#This Row],[EmployeeID]],Employees!$A:$AG,33,FALSE),"") -> 7254 | H917: =_xlfn.IFS( Table4[[#This Row],[MonthlyIncome_Clean]]<=2980,"Lower", Table4[[#This Row],[MonthlyIncome_Clean]]<=5000,"Lower Mid", Table4[[#This Row],[MonthlyIncome_Clean]]<=8000,"Mid", Table4[[#This Row],[MonthlyIncome_Clean]]<=11996,"Upper Mid", Table4[[#This Row],[MonthlyIncome_Clean]]<=16000,"High" ) -> Mid | I917: =IFERROR(VLOOKUP(A917,Table1[#All],26,FALSE),"") -> No
A918: EMP10776 | B918: 44750 | C918: 10092 | D918: 3 | E918: 44750 | F918: Upper-Mid | G918: =IFERROR(VLOOKUP(Table4[[#This Row],[EmployeeID]],Employees!$A:$AG,33,FALSE),"") -> 10092 | H918: =_xlfn.IFS( Table4[[#This Row],[MonthlyIncome_Clean]]<=2980,"Lower", Table4[[#This Row],[MonthlyIncome_Clean]]<=5000,"Lower Mid", Table4[[#This Row],[MonthlyIncome_Clean]]<=8000,"Mid", Table4[[#This Row],[MonthlyIncome_Clean]]<=11996,"Upper Mid", Table4[[#This Row],[MonthlyIncome_Clean]]<=16000,"High" ) -> Upper Mid | I918: =IFERROR(VLOOKUP(A918,Table1[#All],26,FALSE),"") -> No
A919: EMP11542 | B919: 44725 | C919: 10091 | D919: 3 | E919: 44725 | F919: Upper-Mid | G919: =IFERROR(VLOOKUP(Table4[[#This Row],[EmployeeID]],Employees!$A:$AG,33,FALSE),"") -> 10091 | H919: =_xlfn.IFS( Table4[[#This Row],[MonthlyIncome_Clean]]<=2980,"Lower", Table4[[#This Row],[MonthlyIncome_Clean]]<=5000,"Lower Mid", Table4[[#This Row],[MonthlyIncome_Clean]]<=8000,"Mid", Table4[[#This Row],[MonthlyIncome_Clean]]<=11996,"Upper Mid", Table4[[#This Row],[MonthlyIncome_Clean]]<=16000,"High" ) -> Upper Mid | I919: =IFERROR(VLOOKUP(A919,Table1[#All],26,FALSE),"") -> No
A920: EMP11189 | B920: 44269 | C920: 10090 | D920: 3 | E920: 44269 | F920: Upper-Mid | G920: =IFERROR(VLOOKUP(Table4[[#This Row],[EmployeeID]],Employees!$A:$AG,33,FALSE),"") -> 10090 | H920: =_xlfn.IFS( Table4[[#This Row],[MonthlyIncome_Clean]]<=2980,"Lower", Table4[[#This Row],[MonthlyIncome_Clean]]<=5000,"Lower Mid", Table4[[#This Row],[MonthlyIncome_Clean]]<=8000,"Mid", Table4[[#This Row],[MonthlyIncome_Clean]]<=11996,"Upper Mid", Table4[[#This Row],[MonthlyIncome_Clean]]<=16000,"High" ) -> Upper Mid | I920: =IFERROR(VLOOKUP(A920,Table1[#All],26,FALSE),"") -> No
A921: EMP11331 | B921: 42564 | C921: 7253 | D921: 2 | E921: 42564 | F921: Mid | G921: =IFERROR(VLOOKUP(Table4[[#This Row],[EmployeeID]],Employees!$A:$AG,33,FALSE),"") -> 7253 | H921: =_xlfn.IFS( Table4[[#This Row],[MonthlyIncome_Clean]]<=2980,"Lower", Table4[[#This Row],[MonthlyIncome_Clean]]<=5000,"Lower Mid", Table4[[#This Row],[MonthlyIncome_Clean]]<=8000,"Mid", Table4[[#This Row],[MonthlyIncome_Clean]]<=11996,"Upper Mid", Table4[[#This Row],[MonthlyIncome_Clean]]<=16000,"High" ) -> Mid | I921: =IFERROR(VLOOKUP(A921,Table1[#All],26,FALSE),"") -> No
A922: EMP12997 | B922: 43759 | C922: 10085 | D922: 3 | E922: 43759 | F922: Upper-Mid | G922: =IFERROR(VLOOKUP(Table4[[#This Row],[EmployeeID]],Employees!$A:$AG,33,FALSE),"") -> 10085 | H922: =_xlfn.IFS( Table4[[#This Row],[MonthlyIncome_Clean]]<=2980,"Lower", Table4[[#This Row],[MonthlyIncome_Clean]]<=5000,"Lower Mid", Table4[[#This Row],[MonthlyIncome_Clean]]<=8000,"Mid", Table4[[#This Row],[MonthlyIncome_Clean]]<=11996,"Upper Mid", Table4[[#This Row],[MonthlyIncome_Clean]]<=16000,"High" ) -> Upper Mid | I922: =IFERROR(VLOOKUP(A922,Table1[#All],26,FALSE),"") -> No
A923: EMP10156 | B923: 44751 | C923: 4747 | D923: 1 | E923: 44751 | F923: Lower-Mid | G923: =IFERROR(VLOOKUP(Table4[[#This Row],[EmployeeID]],Employees!$A:$AG,33,FALSE),"") -> 4747 | H923: =_xlfn.IFS( Table4[[#This Row],[MonthlyIncome_Clean]]<=2980,"Lower", Table4[[#This Row],[MonthlyIncome_Clean]]<=5000,"Lower Mid", Table4[[#This Row],[MonthlyIncome_Clean]]<=8000,"Mid", Table4[[#This Row],[MonthlyIncome_Clean]]<=11996,"Upper Mid", Table4[[#This Row],[MonthlyIncome_Clean]]<=16000,"High" ) -> Lower Mid | I923: =IFERROR(VLOOKUP(A923,Table1[#All],26,FALSE),"") -> No
A924: EMP12996 | B924: 43638 | C924: 10081 | D924: 2 | E924: 43638 | F924: Upper-Mid | G924: =IFERROR(VLOOKUP(Table4[[#This Row],[EmployeeID]],Employees!$A:$AG,33,FALSE),"") -> 10081 | H924: =_xlfn.IFS( Table4[[#This Row],[MonthlyIncome_Clean]]<=2980,"Lower", Table4[[#This Row],[MonthlyIncome_Clean]]<=5000,"Lower Mid", Table4[[#This Row],[MonthlyIncome_Clean]]<=8000,"Mid", Table4[[#This Row],[MonthlyIncome_Clean]]<=11996,"Upper Mid", Table4[[#This Row],[MonthlyIncome_Clean]]<=16000,"High" ) -> Upper Mid | I924: =IFERROR(VLOOKUP(A924,Table1[#All],26,FALSE),"") -> No
A925: EMP12925 | B925: 45989 | C925: 10079 | D925: 3 | E925: 45989 | F925: Upper-Mid | G925: =IFERROR(VLOOKUP(Table4[[#This Row],[EmployeeID]],Employees!$A:$AG,33,FALSE),"") -> 10079 | H925: =_xlfn.IFS( Table4[[#This Row],[MonthlyIncome_Clean]]<=2980,"Lower", Table4[[#This Row],[MonthlyIncome_Clean]]<=5000,"Lower Mid", Table4[[#This Row],[MonthlyIncome_Clean]]<=8000,"Mid", Table4[[#This Row],[MonthlyIncome_Clean]]<=11996,"Upper Mid", Table4[[#This Row],[MonthlyIncome_Clean]]<=16000,"High" ) -> Upper Mid | I925: =IFERROR(VLOOKUP(A925,Table1[#All],26,FALSE),"") -> No
... A994: EMP10108 | B994: 45062 | C994: 12945 | D994: 4 | E994: 45062 | F994: High | G994: =IFERROR(VLOOKUP(Table4[[#This Row],[EmployeeID]],Employees!$A:$AG,33,FALSE),"") -> 12945 | H994: =_xlfn.IFS( Table4[[#This Row],[MonthlyIncome_Clean]]<=2980,"Lower", Table4[[#This Row],[MonthlyIncome_Clean]]<=5000,"Lower Mid", Table4[[#This Row],[MonthlyIncome_Clean]]<=8000,"Mid", Table4[[#This Row],[MonthlyIncome_Clean]]<=11996,"Upper Mid", Table4[[#This Row],[MonthlyIncome_Clean]]<=16000,"High" ) -> High | I994: =IFERROR(VLOOKUP(A994,Table1[#All],26,FALSE),"") -> No
A995: EMP10994 | B995: 43639 | D995: 4 | E995: 43639 | G995: =IFERROR(VLOOKUP(Table4[[#This Row],[EmployeeID]],Employees!$A:$AG,33,FALSE),"") -> 8287.5378 | H995: =_xlfn.IFS( Table4[[#This Row],[MonthlyIncome_Clean]]<=2980,"Lower", Table4[[#This Row],[MonthlyIncome_Clean]]<=5000,"Lower Mid", Table4[[#This Row],[MonthlyIncome_Clean]]<=8000,"Mid", Table4[[#This Row],[MonthlyIncome_Clean]]<=11996,"Upper Mid", Table4[[#This Row],[MonthlyIncome_Clean]]<=16000,"High" ) -> Upper Mid | I995: =IFERROR(VLOOKUP(A995,Table1[#All],26,FALSE),"") -> Yes
A996: EMP12767 | B996: 42453 | C996: 10019 | D996: 3 | E996: 42453 | F996: Upper-Mid | G996: =IFERROR(VLOOKUP(Table4[[#This Row],[EmployeeID]],Employees!$A:$AG,33,FALSE),"") -> 10019 | H996: =_xlfn.IFS( Table4[[#This Row],[MonthlyIncome_Clean]]<=2980,"Lower", Table4[[#This Row],[MonthlyIncome_Clean]]<=5000,"Lower Mid", Table4[[#This Row],[MonthlyIncome_Clean]]<=8000,"Mid", Table4[[#This Row],[MonthlyIncome_Clean]]<=11996,"Upper Mid", Table4[[#This Row],[MonthlyIncome_Clean]]<=16000,"High" ) -> Upper Mid | I996: =IFERROR(VLOOKUP(A996,Table1[#All],26,FALSE),"") -> No
A997: EMP11124 | B997: 43941 | C997: 10017 | D997: 3 | E997: 43941 | F997: Upper-Mid | G997: =IFERROR(VLOOKUP(Table4[[#This Row],[EmployeeID]],Employees!$A:$AG,33,FALSE),"") -> 10017 | H997: =_xlfn.IFS( Table4[[#This Row],[MonthlyIncome_Clean]]<=2980,"Lower", Table4[[#This Row],[MonthlyIncome_Clean]]<=5000,"Lower Mid", Table4[[#This Row],[MonthlyIncome_Clean]]<=8000,"Mid", Table4[[#This Row],[MonthlyIncome_Clean]]<=11996,"Upper Mid", Table4[[#This Row],[MonthlyIncome_Clean]]<=16000,"High" ) -> Upper Mid | I997: =IFERROR(VLOOKUP(A997,Table1[#All],26,FALSE),"") -> No
A998: EMP10370 | B998: 42564 | C998: 12929 | D998: 4 | E998: 42564 | F998: High | G998: =IFERROR(VLOOKUP(Table4[[#This Row],[EmployeeID]],Employees!$A:$AG,33,FALSE),"") -> 12929 | H998: =_xlfn.IFS( Table4[[#This Row],[MonthlyIncome_Clean]]<=2980,"Lower", Table4[[#This Row],[MonthlyIncome_Clean]]<=5000,"Lower Mid", Table4[[#This Row],[MonthlyIncome_Clean]]<=8000,"Mid", Table4[[#This Row],[MonthlyIncome_Clean]]<=11996,"Upper Mid", Table4[[#This Row],[MonthlyIncome_Clean]]<=16000,"High" ) -> High | I998: =IFERROR(VLOOKUP(A998,Table1[#All],26,FALSE),"") -> No
A999: EMP11083 | B999: 42961 | C999: 7179 | D999: 2 | E999: 42961 | F999: Mid | G999: =IFERROR(VLOOKUP(Table4[[#This Row],[EmployeeID]],Employees!$A:$AG,33,FALSE),"") -> 7179 | H999: =_xlfn.IFS( Table4[[#This Row],[MonthlyIncome_Clean]]<=2980,"Lower", Table4[[#This Row],[MonthlyIncome_Clean]]<=5000,"Lower Mid", Table4[[#This Row],[MonthlyIncome_Clean]]<=8000,"Mid", Table4[[#This Row],[MonthlyIncome_Clean]]<=11996,"Upper Mid", Table4[[#This Row],[MonthlyIncome_Clean]]<=16000,"High" ) -> Mid | I999: =IFERROR(VLOOKUP(A999,Table1[#All],26,FALSE),"") -> No
A1000: EMP12106 | B1000: 45755 | C1000: 7178 | D1000: 2 | E1000: 45755 | F1000: Mid | G1000: =IFERROR(VLOOKUP(Table4[[#This Row],[EmployeeID]],Employees!$A:$AG,33,FALSE),"") -> 7178 | H1000: =_xlfn.IFS( Table4[[#This Row],[MonthlyIncome_Clean]]<=2980,"Lower", Table4[[#This Row],[MonthlyIncome_Clean]]<=5000,"Lower Mid", Table4[[#This Row],[MonthlyIncome_Clean]]<=8000,"Mid", Table4[[#This Row],[MonthlyIncome_Clean]]<=11996,"Upper Mid", Table4[[#This Row],[MonthlyIncome_Clean]]<=16000,"High" ) -> Mid | I1000: =IFERROR(VLOOKUP(A1000,Table1[#All],26,FALSE),"") -> No
A1001: EMP11039 | B1001: 44816 | C1001: 12925 | D1001: 4 | E1001: 44816 | F1001: High | G1001: =IFERROR(VLOOKUP(Table4[[#This Row],[EmployeeID]],Employees!$A:$AG,33,FALSE),"") -> 12925 | H1001: =_xlfn.IFS( Table4[[#This Row],[MonthlyIncome_Clean]]<=2980,"Lower", Table4[[#This Row],[MonthlyIncome_Clean]]<=5000,"Lower Mid", Table4[[#This Row],[MonthlyIncome_Clean]]<=8000,"Mid", Table4[[#This Row],[MonthlyIncome_Clean]]<=11996,"Upper Mid", Table4[[#This Row],[MonthlyIncome_Clean]]<=16000,"High" ) -> High | I1001: =IFERROR(VLOOKUP(A1001,Table1[#All],26,FALSE),"") -> No
A1002: EMP10288 | B1002: 42620 | C1002: 7177 | D1002: 2 | E1002: 42620 | F1002: Mid | G1002: =IFERROR(VLOOKUP(Table4[[#This Row],[EmployeeID]],Employees!$A:$AG,33,FALSE),"") -> 7177 | H1002: =_xlfn.IFS( Table4[[#This Row],[MonthlyIncome_Clean]]<=2980,"Lower", Table4[[#This Row],[MonthlyIncome_Clean]]<=5000,"Lower Mid", Table4[[#This Row],[MonthlyIncome_Clean]]<=8000,"Mid", Table4[[#This Row],[MonthlyIncome_Clean]]<=11996,"Upper Mid", Table4[[#This Row],[MonthlyIncome_Clean]]<=16000,"High" ) -> Mid | I1002: =IFERROR(VLOOKUP(A1002,Table1[#All],26,FALSE),"") -> No
A1003: EMP11451 | B1003: 42168 | C1003: 10012 | D1003: 3 | E1003: 42168 | F1003: Upper-Mid | G1003: =IFERROR(VLOOKUP(Table4[[#This Row],[EmployeeID]],Employees!$A:$AG,33,FALSE),"") -> 10012 | H1003: =_xlfn.IFS( Table4[[#This Row],[MonthlyIncome_Clean]]<=2980,"Lower", Table4[[#This Row],[MonthlyIncome_Clean]]<=5000,"Lower Mid", Table4[[#This Row],[MonthlyIncome_Clean]]<=8000,"Mid", Table4[[#This Row],[MonthlyIncome_Clean]]<=11996,"Upper Mid", Table4[[#This Row],[MonthlyIncome_Clean]]<=16000,"High" ) -> Upper Mid | I1003: =IFERROR(VLOOKUP(A1003,Table1[#All],26,FALSE),"") -> No
A1004: EMP10613 | B1004: 45616 | C1004: 7174 | D1004: 2 | E1004: 45616 | F1004: Mid | G1004: =IFERROR(VLOOKUP(Table4[[#This Row],[EmployeeID]],Employees!$A:$AG,33,FALSE),"") -> 7174 | H1004: =_xlfn.IFS( Table4[[#This Row],[MonthlyIncome_Clean]]<=2980,"Lower", Table4[[#This Row],[MonthlyIncome_Clean]]<=5000,"Lower Mid", Table4[[#This Row],[MonthlyIncome_Clean]]<=8000,"Mid", Table4[[#This Row],[MonthlyIncome_Clean]]<=11996,"Upper Mid", Table4[[#This Row],[MonthlyIncome_Clean]]<=16000,"High" ) -> Mid | I1004: =IFERROR(VLOOKUP(A1004,Table1[#All],26,FALSE),"") -> Yes
A1005: EMP10653 | B1005: 45629 | C1005: 12919 | D1005: 4 | E1005: 45629 | F1005: High | G1005: =IFERROR(VLOOKUP(Table4[[#This Row],[EmployeeID]],Employees!$A:$AG,33,FALSE),"") -> 12919 | H1005: =_xlfn.IFS( Table4[[#This Row],[MonthlyIncome_Clean]]<=2980,"Lower", Table4[[#This Row],[MonthlyIncome_Clean]]<=5000,"Lower Mid", Table4[[#This Row],[MonthlyIncome_Clean]]<=8000,"Mid", Table4[[#This Row],[MonthlyIncome_Clean]]<=11996,"Upper Mid", Table4[[#This Row],[MonthlyIncome_Clean]]<=16000,"High" ) -> High | I1005: =IFERROR(VLOOKUP(A1005,Table1[#All],26,FALSE),"") -> No
A1006: EMP11024 | B1006: 42798 | C1006: 10002 | D1006: 3 | E1006: 42798 | F1006: Upper-Mid | G1006: =IFERROR(VLOOKUP(Table4[[#This Row],[EmployeeID]],Employees!$A:$AG,33,FALSE),"") -> 10002 | H1006: =_xlfn.IFS( Table4[[#This Row],[MonthlyIncome_Clean]]<=2980,"Lower", Table4[[#This Row],[MonthlyIncome_Clean]]<=5000,"Lower Mid", Table4[[#This Row],[MonthlyIncome_Clean]]<=8000,"Mid", Table4[[#This Row],[MonthlyIncome_Clean]]<=11996,"Upper Mid", Table4[[#This Row],[MonthlyIncome_Clean]]<=16000,"High" ) -> Upper Mid | I1006: =IFERROR(VLOOKUP(A1006,Table1[#All],26,FALSE),"") -> No
A1007: EMP12181 | B1007: 43611 | C1007: 10000 | D1007: 3 | E1007: 43611 | F1007: Upper-Mid | G1007: =IFERROR(VLOOKUP(Table4[[#This Row],[EmployeeID]],Employees!$A:$AG,33,FALSE),"") -> 10000 | H1007: =_xlfn.IFS( Table4[[#This Row],[MonthlyIncome_Clean]]<=2980,"Lower", Table4[[#This Row],[MonthlyIncome_Clean]]<=5000,"Lower Mid", Table4[[#This Row],[MonthlyIncome_Clean]]<=8000,"Mid", Table4[[#This Row],[MonthlyIncome_Clean]]<=11996,"Upper Mid", Table4[[#This Row],[MonthlyIncome_Clean]]<=16000,"High" ) -> Upper Mid | I1007: =IFERROR(VLOOKUP(A1007,Table1[#All],26,FALSE),"") -> No
... A1246: EMP11117 | B1246: 45623 | C1246: 9671 | D1246: 2 | E1246: 45623 | F1246: Upper-Mid | G1246: =IFERROR(VLOOKUP(Table4[[#This Row],[EmployeeID]],Employees!$A:$AG,33,FALSE),"") -> 9671 | H1246: =_xlfn.IFS( Table4[[#This Row],[MonthlyIncome_Clean]]<=2980,"Lower", Table4[[#This Row],[MonthlyIncome_Clean]]<=5000,"Lower Mid", Table4[[#This Row],[MonthlyIncome_Clean]]<=8000,"Mid", Table4[[#This Row],[MonthlyIncome_Clean]]<=11996,"Upper Mid", Table4[[#This Row],[MonthlyIncome_Clean]]<=16000,"High" ) -> Upper Mid | I1246: =IFERROR(VLOOKUP(A1246,Table1[#All],26,FALSE),"") -> No
A1247: EMP11246 | B1247: 45367 | D1247: 3 | E1247: 45367 | G1247: =IFERROR(VLOOKUP(Table4[[#This Row],[EmployeeID]],Employees!$A:$AG,33,FALSE),"") -> 8287.5378 | H1247: =_xlfn.IFS( Table4[[#This Row],[MonthlyIncome_Clean]]<=2980,"Lower", Table4[[#This Row],[MonthlyIncome_Clean]]<=5000,"Lower Mid", Table4[[#This Row],[MonthlyIncome_Clean]]<=8000,"Mid", Table4[[#This Row],[MonthlyIncome_Clean]]<=11996,"Upper Mid", Table4[[#This Row],[MonthlyIncome_Clean]]<=16000,"High" ) -> Upper Mid | I1247: =IFERROR(VLOOKUP(A1247,Table1[#All],26,FALSE),"") -> Yes
A1248: EMP11620 | B1248: 42907 | C1248: 6991 | D1248: 2 | E1248: 42907 | F1248: Mid | G1248: =IFERROR(VLOOKUP(Table4[[#This Row],[EmployeeID]],Employees!$A:$AG,33,FALSE),"") -> 6991 | H1248: =_xlfn.IFS( Table4[[#This Row],[MonthlyIncome_Clean]]<=2980,"Lower", Table4[[#This Row],[MonthlyIncome_Clean]]<=5000,"Lower Mid", Table4[[#This Row],[MonthlyIncome_Clean]]<=8000,"Mid", Table4[[#This Row],[MonthlyIncome_Clean]]<=11996,"Upper Mid", Table4[[#This Row],[MonthlyIncome_Clean]]<=16000,"High" ) -> Mid | I1248: =IFERROR(VLOOKUP(A1248,Table1[#All],26,FALSE),"") -> No
A1249: EMP12763 | B1249: 42073 | C1249: 9670 | D1249: 4 | E1249: 42073 | F1249: Upper-Mid | G1249: =IFERROR(VLOOKUP(Table4[[#This Row],[EmployeeID]],Employees!$A:$AG,33,FALSE),"") -> 9670 | H1249: =_xlfn.IFS( Table4[[#This Row],[MonthlyIncome_Clean]]<=2980,"Lower", Table4[[#This Row],[MonthlyIncome_Clean]]<=5000,"Lower Mid", Table4[[#This Row],[MonthlyIncome_Clean]]<=8000,"Mid", Table4[[#This Row],[MonthlyIncome_Clean]]<=11996,"Upper Mid", Table4[[#This Row],[MonthlyIncome_Clean]]<=16000,"High" ) -> Upper Mid | I1249: =IFERROR(VLOOKUP(A1249,Table1[#All],26,FALSE),"") -> No
A1250: EMP12670 | B1250: 42187 | C1250: 12730 | D1250: 4 | E1250: 42187 | F1250: High | G1250: =IFERROR(VLOOKUP(Table4[[#This Row],[EmployeeID]],Employees!$A:$AG,33,FALSE),"") -> 12730 | H1250: =_xlfn.IFS( Table4[[#This Row],[MonthlyIncome_Clean]]<=2980,"Lower", Table4[[#This Row],[MonthlyIncome_Clean]]<=5000,"Lower Mid", Table4[[#This Row],[MonthlyIncome_Clean]]<=8000,"Mid", Table4[[#This Row],[MonthlyIncome_Clean]]<=11996,"Upper Mid", Table4[[#This Row],[MonthlyIncome_Clean]]<=16000,"High" ) -> High | I1250: =IFERROR(VLOOKUP(A1250,Table1[#All],26,FALSE),"") -> No
A1251: EMP10429 | B1251: 43843 | C1251: 9669 | D1251: 3 | E1251: 43843 | F1251: Upper-Mid | G1251: =IFERROR(VLOOKUP(Table4[[#This Row],[EmployeeID]],Employees!$A:$AG,33,FALSE),"") -> 9669 | H1251: =_xlfn.IFS( Table4[[#This Row],[MonthlyIncome_Clean]]<=2980,"Lower", Table4[[#This Row],[MonthlyIncome_Clean]]<=5000,"Lower Mid", Table4[[#This Row],[MonthlyIncome_Clean]]<=8000,"Mid", Table4[[#This Row],[MonthlyIncome_Clean]]<=11996,"Upper Mid", Table4[[#This Row],[MonthlyIncome_Clean]]<=16000,"High" ) -> Upper Mid | I1251: =IFERROR(VLOOKUP(A1251,Table1[#All],26,FALSE),"") -> No
A1252: EMP11488 | B1252: 44049 | C1252: 6988 | D1252: 2 | E1252: 44049 | F1252: Mid | G1252: =IFERROR(VLOOKUP(Table4[[#This Row],[EmployeeID]],Employees!$A:$AG,33,FALSE),"") -> 6988 | H1252: =_xlfn.IFS( Table4[[#This Row],[MonthlyIncome_Clean]]<=2980,"Lower", Table4[[#This Row],[MonthlyIncome_Clean]]<=5000,"Lower Mid", Table4[[#This Row],[MonthlyIncome_Clean]]<=8000,"Mid", Table4[[#This Row],[MonthlyIncome_Clean]]<=11996,"Upper Mid", Table4[[#This Row],[MonthlyIncome_Clean]]<=16000,"High" ) -> Mid | I1252: =IFERROR(VLOOKUP(A1252,Table1[#All],26,FALSE),"") -> No
A1253: EMP10842 | B1253: 42201 | C1253: 6987 | D1253: 2 | E1253: 42201 | F1253: Mid | G1253: =IFERROR(VLOOKUP(Table4[[#This Row],[EmployeeID]],Employees!$A:$AG,33,FALSE),"") -> 6987 | H1253: =_xlfn.IFS( Table4[[#This Row],[MonthlyIncome_Clean]]<=2980,"Lower", Table4[[#This Row],[MonthlyIncome_Clean]]<=5000,"Lower Mid", Table4[[#This Row],[MonthlyIncome_Clean]]<=8000,"Mid", Table4[[#This Row],[MonthlyIncome_Clean]]<=11996,"Upper Mid", Table4[[#This Row],[MonthlyIncome_Clean]]<=16000,"High" ) -> Mid | I1253: =IFERROR(VLOOKUP(A1253,Table1[#All],26,FALSE),"") -> No
A1254: EMP12315 | B1254: 43107 | C1254: 6985 | D1254: 1 | E1254: 43107 | F1254: Mid | G1254: =IFERROR(VLOOKUP(Table4[[#This Row],[EmployeeID]],Employees!$A:$AG,33,FALSE),"") -> 6985 | H1254: =_xlfn.IFS( Table4[[#This Row],[MonthlyIncome_Clean]]<=2980,"Lower", Table4[[#This Row],[MonthlyIncome_Clean]]<=5000,"Lower Mid", Table4[[#This Row],[MonthlyIncome_Clean]]<=8000,"Mid", Table4[[#This Row],[MonthlyIncome_Clean]]<=11996,"Upper Mid", Table4[[#This Row],[MonthlyIncome_Clean]]<=16000,"High" ) -> Mid | I1254: =IFERROR(VLOOKUP(A1254,Table1[#All],26,FALSE),"") -> No
A1255: EMP10318 | B1255: 45680 | C1255: 9667 | D1255: 3 | E1255: 45680 | F1255: Upper-Mid | G1255: =IFERROR(VLOOKUP(Table4[[#This Row],[EmployeeID]],Employees!$A:$AG,33,FALSE),"") -> 9667 | H1255: =_xlfn.IFS( Table4[[#This Row],[MonthlyIncome_Clean]]<=2980,"Lower", Table4[[#This Row],[MonthlyIncome_Clean]]<=5000,"Lower Mid", Table4[[#This Row],[MonthlyIncome_Clean]]<=8000,"Mid", Table4[[#This Row],[MonthlyIncome_Clean]]<=11996,"Upper Mid", Table4[[#This Row],[MonthlyIncome_Clean]]<=16000,"High" ) -> Upper Mid | I1255: =IFERROR(VLOOKUP(A1255,Table1[#All],26,FALSE),"") -> Yes
A1256: EMP12860 | B1256: 43961 | C1256: 9667 | D1256: 4 | E1256: 43961 | F1256: Upper-Mid | G1256: =IFERROR(VLOOKUP(Table4[[#This Row],[EmployeeID]],Employees!$A:$AG,33,FALSE),"") -> 9667 | H1256: =_xlfn.IFS( Table4[[#This Row],[MonthlyIncome_Clean]]<=2980,"Lower", Table4[[#This Row],[MonthlyIncome_Clean]]<=5000,"Lower Mid", Table4[[#This Row],[MonthlyIncome_Clean]]<=8000,"Mid", Table4[[#This Row],[MonthlyIncome_Clean]]<=11996,"Upper Mid", Table4[[#This Row],[MonthlyIncome_Clean]]<=16000,"High" ) -> Upper Mid | I1256: =IFERROR(VLOOKUP(A1256,Table1[#All],26,FALSE),"") -> No
A1257: EMP12534 | B1257: 44779 | C1257: 6984 | D1257: 2 | E1257: 44779 | F1257: Mid | G1257: =IFERROR(VLOOKUP(Table4[[#This Row],[EmployeeID]],Employees!$A:$AG,33,FALSE),"") -> 6984 | H1257: =_xlfn.IFS( Table4[[#This Row],[MonthlyIncome_Clean]]<=2980,"Lower", Table4[[#This Row],[MonthlyIncome_Clean]]<=5000,"Lower Mid", Table4[[#This Row],[MonthlyIncome_Clean]]<=8000,"Mid", Table4[[#This Row],[MonthlyIncome_Clean]]<=11996,"Upper Mid", Table4[[#This Row],[MonthlyIncome_Clean]]<=16000,"High" ) -> Mid | I1257: =IFERROR(VLOOKUP(A1257,Table1[#All],26,FALSE),"") -> No
A1258: EMP12302 | B1258: 44929 | C1258: 9661 | D1258: 2 | E1258: 44929 | F1258: Upper-Mid | G1258: =IFERROR(VLOOKUP(Table4[[#This Row],[EmployeeID]],Employees!$A:$AG,33,FALSE),"") -> 9661 | H1258: =_xlfn.IFS( Table4[[#This Row],[MonthlyIncome_Clean]]<=2980,"Lower", Table4[[#This Row],[MonthlyIncome_Clean]]<=5000,"Lower Mid", Table4[[#This Row],[MonthlyIncome_Clean]]<=8000,"Mid", Table4[[#This Row],[MonthlyIncome_Clean]]<=11996,"Upper Mid", Table4[[#This Row],[MonthlyIncome_Clean]]<=16000,"High" ) -> Upper Mid | I1258: =IFERROR(VLOOKUP(A1258,Table1[#All],26,FALSE),"") -> No
A1259: EMP12180 | B1259: 43093 | C1259: 9656 | D1259: 3 | E1259: 43093 | F1259: Upper-Mid | G1259: =IFERROR(VLOOKUP(Table4[[#This Row],[EmployeeID]],Employees!$A:$AG,33,FALSE),"") -> 9656 | H1259: =_xlfn.IFS( Table4[[#This Row],[MonthlyIncome_Clean]]<=2980,"Lower", Table4[[#This Row],[MonthlyIncome_Clean]]<=5000,"Lower Mid", Table4[[#This Row],[MonthlyIncome_Clean]]<=8000,"Mid", Table4[[#This Row],[MonthlyIncome_Clean]]<=11996,"Upper Mid", Table4[[#This Row],[MonthlyIncome_Clean]]<=16000,"High" ) -> Upper Mid | I1259: =IFERROR(VLOOKUP(A1259,Table1[#All],26,FALSE),"") -> No
... A1328: EMP12875 | B1328: 44429 | C1328: 9544 | D1328: 3 | E1328: 44429 | F1328: Upper-Mid | G1328: =IFERROR(VLOOKUP(Table4[[#This Row],[EmployeeID]],Employees!$A:$AG,33,FALSE),"") -> 9544 | H1328: =_xlfn.IFS( Table4[[#This Row],[MonthlyIncome_Clean]]<=2980,"Lower", Table4[[#This Row],[MonthlyIncome_Clean]]<=5000,"Lower Mid", Table4[[#This Row],[MonthlyIncome_Clean]]<=8000,"Mid", Table4[[#This Row],[MonthlyIncome_Clean]]<=11996,"Upper Mid", Table4[[#This Row],[MonthlyIncome_Clean]]<=16000,"High" ) -> Upper Mid | I1328: =IFERROR(VLOOKUP(A1328,Table1[#All],26,FALSE),"") -> No
A1329: EMP11328 | B1329: 42046 | D1329: 1 | E1329: 42046 | G1329: =IFERROR(VLOOKUP(Table4[[#This Row],[EmployeeID]],Employees!$A:$AG,33,FALSE),"") -> 8287.5378 | H1329: =_xlfn.IFS( Table4[[#This Row],[MonthlyIncome_Clean]]<=2980,"Lower", Table4[[#This Row],[MonthlyIncome_Clean]]<=5000,"Lower Mid", Table4[[#This Row],[MonthlyIncome_Clean]]<=8000,"Mid", Table4[[#This Row],[MonthlyIncome_Clean]]<=11996,"Upper Mid", Table4[[#This Row],[MonthlyIncome_Clean]]<=16000,"High" ) -> Upper Mid | I1329: =IFERROR(VLOOKUP(A1329,Table1[#All],26,FALSE),"") -> No
A1330: EMP12612 | B1330: 44007 | C1330: 9542 | D1330: 2 | E1330: 44007 | F1330: Upper-Mid | G1330: =IFERROR(VLOOKUP(Table4[[#This Row],[EmployeeID]],Employees!$A:$AG,33,FALSE),"") -> 9542 | H1330: =_xlfn.IFS( Table4[[#This Row],[MonthlyIncome_Clean]]<=2980,"Lower", Table4[[#This Row],[MonthlyIncome_Clean]]<=5000,"Lower Mid", Table4[[#This Row],[MonthlyIncome_Clean]]<=8000,"Mid", Table4[[#This Row],[MonthlyIncome_Clean]]<=11996,"Upper Mid", Table4[[#This Row],[MonthlyIncome_Clean]]<=16000,"High" ) -> Upper Mid | I1330: =IFERROR(VLOOKUP(A1330,Table1[#All],26,FALSE),"") -> No
...

Sheet Performance
A1: EmployeeID | B1: PerformanceRating | C1: JobSatisfaction | D1: EnvironmentSatisfaction | E1: WorkLifeBalance | F1: JobInvolvement
A2: EMP10001 | B2: 3 | C2: 4 | D2: 4 | E2: 2 | F2: 3
A3: EMP10002 | B3: 3 | C3: 4 | D3: 1 | E3: 2 | F3: 4
A4: EMP10003 | B4: 3 | C4: 1 | D4: 2 | E4: 1 | F4: 4
A5: EMP10004 | B5: 4 | C5: 3 | D5: 3 | E5: 1 | F5: 3
A6: EMP10005 | B6: 4 | C6: 2 | D6: 3 | E6: 3 | F6: 4
A7: EMP10006 | B7: 3 | C7: 2 | D7: 3 | E7: 4 | F7: 4
A8: EMP10007 | B8: 4 | C8: 2 | D8: 3 | E8: 3 | F8: 2
A9: EMP10008 | B9: 3 | C9: 4 | D9: 1 | E9: 3 | F9: 2
A10: EMP10009 | B10: 3 | C10: 2 | D10: 4 | E10: 2 | F10: 1
A11: EMP10010 | B11: 3 | C11: 1 | D11: 2 | E11: 4 | F11: 1
A12: EMP10011 | B12: 3 | C12: 1 | D12: 4 | E12: 4 | F12: 2
A13: EMP10012 | B13: 4 | C13: 4 | D13: 3 | E13: 4 | F13: 1
... A3001: EMP13000 | B3001: 3 | C3001: 4 | D3001: 4 | E3001: 4 | F3001: 2

Sheet Training
A1: EmployeeID | B1: TrainingTimesLastYear | C1: TrainingType
A2: EMP10001 | B2: 0 | C2: Technical
A3: EMP10002 | B3: 3 | C3: Soft Skills
A4: EMP10003 | B4: 0 | C4: Leadership
A5: EMP10004 | B5: 5 | C5: Soft Skills
A6: EMP10005 | B6: 4 | C6: Compliance
A7: EMP10006 | B7: 3 | C7: Leadership
A8: EMP10007 | B8: 2 | C8: Compliance
A9: EMP10008 | B9: 1 | C9: Leadership
A10: EMP10009 | B10: 6 | C10: Leadership
A11: EMP10010 | B11: 0 | C11: Technical
A12: EMP10011 | B12: 0 | C12: Leadership
A13: EMP10012 | B13: 2 | C13: Technical
... A3001: EMP13000 | B3001: 1 | C3001: Soft Skills

Sheet Hr_analysis
A1: HR Attrition Analytics | F1: Row Labels | G1: Sum of yes | H1: Sum of no
F2: Finance | G2: 49 | H2: 278
A3: Total Employees | B3: =COUNTA(Employees!A2:A3001) -> 3000 | F3: Human Resource | G3: 25 | H3: 428
A4: Total Attrition | B4: =COUNTIF(Employees!Z:Z,"yes") -> 376 | F4: IT | G4: 44 | H4: 321
A5: Attrition Rate | B5: =B4/B3 -> 0.12533333 | F5: operations | G5: 64 | H5: 428
A6: Average Monthly Income | B6: =AVERAGE(Employees!AG:AG) -> 8287.5378 | F6: Research & Development | G6: 108 | H6: 786
A7: Average Age | B7: =AVERAGE(Employees!B:B) -> 40.564 | F7: Sales | G7: 86 | H7: 592
A8: Average Years at Company | B8: =AVERAGE(Employees!O:O) -> 4.6123333 | F8: Grand Total | G8: 376 | H8: 2833
A9: IT | B9: =COUNTIF(Employees!D:D,Employees!D2) -> 365 | C9: =COUNTIFS(Employees!D$2:D$3001,Employees!D2,Employees!Z$2:Z$3001,"Yes") -> 44 | D9: =COUNTIFS(Employees!D$2:D$3001,Employees!D2,Employees!Z$2:Z$3001,"no") -> 321
A10: Research & Development | B10: =COUNTIF(Employees!D:D,Employees!D3) -> 894 | C10: =COUNTIFS(Employees!D$2:D$3001,Employees!D3,Employees!Z$2:Z$3001,"Yes") -> 108 | D10: =COUNTIFS(Employees!D$2:D$3001,Employees!D3,Employees!Z$2:Z$3001,"no") -> 786
A11: operations | B11: =COUNTIF(Employees!D:D,Employees!D4) -> 492 | C11: =COUNTIFS(Employees!D$2:D$3001,Employees!D4,Employees!Z$2:Z$3001,"Yes") -> 64 | D11: =COUNTIFS(Employees!D$2:D$3001,Employees!D4,Employees!Z$2:Z$3001,"no") -> 428
A12: Finance | B12: =COUNTIF(Employees!D:D,Employees!D5) -> 327 | C12: =COUNTIFS(Employees!D$2:D$3001,Employees!D5,Employees!Z$2:Z$3001,"Yes") -> 49 | D12: =COUNTIFS(Employees!D$2:D$3001,Employees!D5,Employees!Z$2:Z$3001,"no") -> 278
A13: Sales | B13: =COUNTIF(Employees!D:D,Employees!D6) -> 678 | C13: =COUNTIFS(Employees!D$2:D$3001,Employees!D6,Employees!Z$2:Z$3001,"Yes") -> 86 | D13: =COUNTIFS(Employees!D$2:D$3001,Employees!D6,Employees!Z$2:Z$3001,"no") -> 592
A14: Human Resource | B14: =COUNTIF(Employees!D:D,Employees!D18) -> 244 | C14: =COUNTIFS(Employees!D$2:D$3001,Employees!D18,Employees!Z$2:Z$3001,"Yes") -> 25 | D14: =COUNTIFS(Employees!D$2:D$3001,Employees!D7,Employees!Z$2:Z$3001,"no") -> 428
